<?xml version="1.0" encoding="UTF-8"?>
<kml xmlns="http://www.opengis.net/kml/2.2">
<Document>
  <name>Tráfico Dinámico Barcelona LEBL</name>
  <Style id="schengen_line"><LineStyle><color>ff32cd32</color><width>3</width></LineStyle></Style>
  <Style id="non_schengen_line"><LineStyle><color>ffc0cbff</color><width>3</width></LineStyle></Style>
  <Placemark>
    <name>ECMKV</name>
    <description>Origen: LYBE -&gt; LEBL</description>
    <styleUrl>#schengen_line</styleUrl>
    <TimeSpan>
      <begin>2026-05-30T00:04:00Z</begin>
      <end>2026-05-30T23:59:59Z</end>
    </TimeSpan>
    <LineString>
      <altitudeMode>relativeToGround</altitudeMode>
      <coordinates>
        20.306944444444444,44.81944444444445,50000
        2.0783333333333336,41.29694444444444,0
      </coordinates>
    </LineString>
  </Placemark>
  <Placemark>
    <name>ECJGM</name>
    <description>Origen: EGCC -&gt; LEBL</description>
    <styleUrl>#schengen_line</styleUrl>
    <TimeSpan>
      <begin>2026-05-30T00:05:00Z</begin>
      <end>2026-05-30T23:59:59Z</end>
    </TimeSpan>
    <LineString>
      <altitudeMode>relativeToGround</altitudeMode>
      <coordinates>
        -2.275,53.35388888888889,50000
        2.0783333333333336,41.29694444444444,0
      </coordinates>
    </LineString>
  </Placemark>
  <Placemark>
    <name>ECLOB</name>
    <description>Origen: LMML -&gt; LEBL</description>
    <styleUrl>#schengen_line</styleUrl>
    <TimeSpan>
      <begin>2026-05-30T01:24:00Z</begin>
      <end>2026-05-30T23:59:59Z</end>
    </TimeSpan>
    <LineString>
      <altitudeMode>relativeToGround</altitudeMode>
      <coordinates>
        14.477500000000001,35.8575,50000
        2.0783333333333336,41.29694444444444,0
      </coordinates>
    </LineString>
  </Placemark>
  <Placemark>
    <name>ECLVC</name>
    <description>Origen: LGTS -&gt; LEBL</description>
    <styleUrl>#schengen_line</styleUrl>
    <TimeSpan>
      <begin>2026-05-30T02:28:00Z</begin>
      <end>2026-05-30T23:59:59Z</end>
    </TimeSpan>
    <LineString>
      <altitudeMode>relativeToGround</altitudeMode>
      <coordinates>
        22.97083333333333,40.51972222222222,50000
        2.0783333333333336,41.29694444444444,0
      </coordinates>
    </LineString>
  </Placemark>
  <Placemark>
    <name>DALEC</name>
    <description>Origen: EBBR -&gt; LEBL</description>
    <styleUrl>#schengen_line</styleUrl>
    <TimeSpan>
      <begin>2026-05-30T03:14:00Z</begin>
      <end>2026-05-30T23:59:59Z</end>
    </TimeSpan>
    <LineString>
      <altitudeMode>relativeToGround</altitudeMode>
      <coordinates>
        4.484444444444445,50.90138888888889,50000
        2.0783333333333336,41.29694444444444,0
      </coordinates>
    </LineString>
  </Placemark>
  <Placemark>
    <name>N327UP</name>
    <description>Origen: EDDK -&gt; LEBL</description>
    <styleUrl>#schengen_line</styleUrl>
    <TimeSpan>
      <begin>2026-05-30T03:17:00Z</begin>
      <end>2026-05-30T23:59:59Z</end>
    </TimeSpan>
    <LineString>
      <altitudeMode>relativeToGround</altitudeMode>
      <coordinates>
        7.142777777777778,50.865833333333335,50000
        2.0783333333333336,41.29694444444444,0
      </coordinates>
    </LineString>
  </Placemark>
  <Placemark>
    <name>ECMKN</name>
    <description>Origen: LGSR -&gt; LEBL</description>
    <styleUrl>#schengen_line</styleUrl>
    <TimeSpan>
      <begin>2026-05-30T03:36:00Z</begin>
      <end>2026-05-30T23:59:59Z</end>
    </TimeSpan>
    <LineString>
      <altitudeMode>relativeToGround</altitudeMode>
      <coordinates>
        25.479166666666664,36.399166666666666,50000
        2.0783333333333336,41.29694444444444,0
      </coordinates>
    </LineString>
  </Placemark>
  <Placemark>
    <name>DALEN</name>
    <description>Origen: EDDP -&gt; LEBL</description>
    <styleUrl>#schengen_line</styleUrl>
    <TimeSpan>
      <begin>2026-05-30T03:38:00Z</begin>
      <end>2026-05-30T23:59:59Z</end>
    </TimeSpan>
    <LineString>
      <altitudeMode>relativeToGround</altitudeMode>
      <coordinates>
        12.236388888888888,51.42388888888889,50000
        2.0783333333333336,41.29694444444444,0
      </coordinates>
    </LineString>
  </Placemark>
  <Placemark>
    <name>ECMKT</name>
    <description>Origen: LGAV -&gt; LEBL</description>
    <styleUrl>#schengen_line</styleUrl>
    <TimeSpan>
      <begin>2026-05-30T03:44:00Z</begin>
      <end>2026-05-30T23:59:59Z</end>
    </TimeSpan>
    <LineString>
      <altitudeMode>relativeToGround</altitudeMode>
      <coordinates>
        23.944444444444446,37.93666666666666,50000
        2.0783333333333336,41.29694444444444,0
      </coordinates>
    </LineString>
  </Placemark>
  <Placemark>
    <name>N920FD</name>
    <description>Origen: LFPG -&gt; LEBL</description>
    <styleUrl>#schengen_line</styleUrl>
    <TimeSpan>
      <begin>2026-05-30T03:59:00Z</begin>
      <end>2026-05-30T23:59:59Z</end>
    </TimeSpan>
    <LineString>
      <altitudeMode>relativeToGround</altitudeMode>
      <coordinates>
        2.5477777777777777,49.00972222222222,50000
        2.0783333333333336,41.29694444444444,0
      </coordinates>
    </LineString>
  </Placemark>
  <Placemark>
    <name>OEIBZ</name>
    <description>Origen: EBLG -&gt; LEBL</description>
    <styleUrl>#schengen_line</styleUrl>
    <TimeSpan>
      <begin>2026-05-30T04:16:00Z</begin>
      <end>2026-05-30T23:59:59Z</end>
    </TimeSpan>
    <LineString>
      <altitudeMode>relativeToGround</altitudeMode>
      <coordinates>
        5.442777777777778,50.63638888888889,50000
        2.0783333333333336,41.29694444444444,0
      </coordinates>
    </LineString>
  </Placemark>
  <Placemark>
    <name>EIDPG</name>
    <description>Origen: LEPA -&gt; LEBL</description>
    <styleUrl>#schengen_line</styleUrl>
    <TimeSpan>
      <begin>2026-05-30T04:57:00Z</begin>
      <end>2026-05-30T23:59:59Z</end>
    </TimeSpan>
    <LineString>
      <altitudeMode>relativeToGround</altitudeMode>
      <coordinates>
        2.738888888888889,39.55166666666666,50000
        2.0783333333333336,41.29694444444444,0
      </coordinates>
    </LineString>
  </Placemark>
  <Placemark>
    <name>ECLTG</name>
    <description>Origen: LEPA -&gt; LEBL</description>
    <styleUrl>#schengen_line</styleUrl>
    <TimeSpan>
      <begin>2026-05-30T05:05:00Z</begin>
      <end>2026-05-30T23:59:59Z</end>
    </TimeSpan>
    <LineString>
      <altitudeMode>relativeToGround</altitudeMode>
      <coordinates>
        2.738888888888889,39.55166666666666,50000
        2.0783333333333336,41.29694444444444,0
      </coordinates>
    </LineString>
  </Placemark>
  <Placemark>
    <name>N761AJ</name>
    <description>Origen: KJFK -&gt; LEBL</description>
    <styleUrl>#schengen_line</styleUrl>
    <TimeSpan>
      <begin>2026-05-30T05:06:00Z</begin>
      <end>2026-05-30T23:59:59Z</end>
    </TimeSpan>
    <LineString>
      <altitudeMode>relativeToGround</altitudeMode>
      <coordinates>
        -73.77833333333334,40.640277777777776,50000
        2.0783333333333336,41.29694444444444,0
      </coordinates>
    </LineString>
  </Placemark>
  <Placemark>
    <name>EIFJP</name>
    <description>Origen: LEPA -&gt; LEBL</description>
    <styleUrl>#schengen_line</styleUrl>
    <TimeSpan>
      <begin>2026-05-30T05:09:00Z</begin>
      <end>2026-05-30T23:59:59Z</end>
    </TimeSpan>
    <LineString>
      <altitudeMode>relativeToGround</altitudeMode>
      <coordinates>
        2.738888888888889,39.55166666666666,50000
        2.0783333333333336,41.29694444444444,0
      </coordinates>
    </LineString>
  </Placemark>
  <Placemark>
    <name>ECKRH</name>
    <description>Origen: LROP -&gt; LEBL</description>
    <styleUrl>#schengen_line</styleUrl>
    <TimeSpan>
      <begin>2026-05-30T05:12:00Z</begin>
      <end>2026-05-30T23:59:59Z</end>
    </TimeSpan>
    <LineString>
      <altitudeMode>relativeToGround</altitudeMode>
      <coordinates>
        26.084999999999997,44.571111111111115,50000
        2.0783333333333336,41.29694444444444,0
      </coordinates>
    </LineString>
  </Placemark>
  <Placemark>
    <name>ECLVV</name>
    <description>Origen: LEPA -&gt; LEBL</description>
    <styleUrl>#schengen_line</styleUrl>
    <TimeSpan>
      <begin>2026-05-30T05:38:00Z</begin>
      <end>2026-05-30T23:59:59Z</end>
    </TimeSpan>
    <LineString>
      <altitudeMode>relativeToGround</altitudeMode>
      <coordinates>
        2.738888888888889,39.55166666666666,50000
        2.0783333333333336,41.29694444444444,0
      </coordinates>
    </LineString>
  </Placemark>
  <Placemark>
    <name>ECLYB</name>
    <description>Origen: LEMH -&gt; LEBL</description>
    <styleUrl>#schengen_line</styleUrl>
    <TimeSpan>
      <begin>2026-05-30T05:43:00Z</begin>
      <end>2026-05-30T23:59:59Z</end>
    </TimeSpan>
    <LineString>
      <altitudeMode>relativeToGround</altitudeMode>
      <coordinates>
        4.2186111111111115,39.862500000000004,50000
        2.0783333333333336,41.29694444444444,0
      </coordinates>
    </LineString>
  </Placemark>
  <Placemark>
    <name>ECLXV</name>
    <description>Origen: LEPA -&gt; LEBL</description>
    <styleUrl>#schengen_line</styleUrl>
    <TimeSpan>
      <begin>2026-05-30T05:47:00Z</begin>
      <end>2026-05-30T23:59:59Z</end>
    </TimeSpan>
    <LineString>
      <altitudeMode>relativeToGround</altitudeMode>
      <coordinates>
        2.738888888888889,39.55166666666666,50000
        2.0783333333333336,41.29694444444444,0
      </coordinates>
    </LineString>
  </Placemark>
  <Placemark>
    <name>PHXRD</name>
    <description>Origen: EHAM -&gt; LEBL</description>
    <styleUrl>#schengen_line</styleUrl>
    <TimeSpan>
      <begin>2026-05-30T05:49:00Z</begin>
      <end>2026-05-30T23:59:59Z</end>
    </TimeSpan>
    <LineString>
      <altitudeMode>relativeToGround</altitudeMode>
      <coordinates>
        4.764166666666667,52.308055555555555,50000
        2.0783333333333336,41.29694444444444,0
      </coordinates>
    </LineString>
  </Placemark>
  <Placemark>
    <name>ECMAI</name>
    <description>Origen: BIKF -&gt; LEBL</description>
    <styleUrl>#schengen_line</styleUrl>
    <TimeSpan>
      <begin>2026-05-30T05:50:00Z</begin>
      <end>2026-05-30T23:59:59Z</end>
    </TimeSpan>
    <LineString>
      <altitudeMode>relativeToGround</altitudeMode>
      <coordinates>
        -22.605555555555558,63.985,50000
        2.0783333333333336,41.29694444444444,0
      </coordinates>
    </LineString>
  </Placemark>
  <Placemark>
    <name>GRAJG</name>
    <description>Origen: EBOS -&gt; LEBL</description>
    <styleUrl>#schengen_line</styleUrl>
    <TimeSpan>
      <begin>2026-05-30T05:57:00Z</begin>
      <end>2026-05-30T23:59:59Z</end>
    </TimeSpan>
    <LineString>
      <altitudeMode>relativeToGround</altitudeMode>
      <coordinates>
        2.8622222222222224,51.19888888888889,50000
        2.0783333333333336,41.29694444444444,0
      </coordinates>
    </LineString>
  </Placemark>
  <Placemark>
    <name>GEZWE</name>
    <description>Origen: LIMC -&gt; LEBL</description>
    <styleUrl>#schengen_line</styleUrl>
    <TimeSpan>
      <begin>2026-05-30T05:59:00Z</begin>
      <end>2026-05-30T23:59:59Z</end>
    </TimeSpan>
    <LineString>
      <altitudeMode>relativeToGround</altitudeMode>
      <coordinates>
        8.723055555555556,45.63,50000
        2.0783333333333336,41.29694444444444,0
      </coordinates>
    </LineString>
  </Placemark>
  <Placemark>
    <name>EIFOG</name>
    <description>Origen: LEZL -&gt; LEBL</description>
    <styleUrl>#schengen_line</styleUrl>
    <TimeSpan>
      <begin>2026-05-30T06:00:00Z</begin>
      <end>2026-05-30T23:59:59Z</end>
    </TimeSpan>
    <LineString>
      <altitudeMode>relativeToGround</altitudeMode>
      <coordinates>
        -5.898888888888888,37.418055555555554,50000
        2.0783333333333336,41.29694444444444,0
      </coordinates>
    </LineString>
  </Placemark>
  <Placemark>
    <name>DAIQE</name>
    <description>Origen: EDDS -&gt; LEBL</description>
    <styleUrl>#schengen_line</styleUrl>
    <TimeSpan>
      <begin>2026-05-30T06:09:00Z</begin>
      <end>2026-05-30T23:59:59Z</end>
    </TimeSpan>
    <LineString>
      <altitudeMode>relativeToGround</altitudeMode>
      <coordinates>
        9.221944444444444,48.69,50000
        2.0783333333333336,41.29694444444444,0
      </coordinates>
    </LineString>
  </Placemark>
  <Placemark>
    <name>OOJEM</name>
    <description>Origen: EBAW -&gt; LEBL</description>
    <styleUrl>#schengen_line</styleUrl>
    <TimeSpan>
      <begin>2026-05-30T06:13:00Z</begin>
      <end>2026-05-30T23:59:59Z</end>
    </TimeSpan>
    <LineString>
      <altitudeMode>relativeToGround</altitudeMode>
      <coordinates>
        4.460277777777778,51.18944444444444,50000
        2.0783333333333336,41.29694444444444,0
      </coordinates>
    </LineString>
  </Placemark>
  <Placemark>
    <name>ECLZZ</name>
    <description>Origen: URKK -&gt; LEBL</description>
    <styleUrl>#schengen_line</styleUrl>
    <TimeSpan>
      <begin>2026-05-30T06:15:00Z</begin>
      <end>2026-05-30T23:59:59Z</end>
    </TimeSpan>
    <LineString>
      <altitudeMode>relativeToGround</altitudeMode>
      <coordinates>
        39.169999999999995,45.03472222222222,50000
        2.0783333333333336,41.29694444444444,0
      </coordinates>
    </LineString>
  </Placemark>
  <Placemark>
    <name>HALXH</name>
    <description>Origen: LHBP -&gt; LEBL</description>
    <styleUrl>#schengen_line</styleUrl>
    <TimeSpan>
      <begin>2026-05-30T06:18:00Z</begin>
      <end>2026-05-30T23:59:59Z</end>
    </TimeSpan>
    <LineString>
      <altitudeMode>relativeToGround</altitudeMode>
      <coordinates>
        19.261944444444445,47.43944444444444,50000
        2.0783333333333336,41.29694444444444,0
      </coordinates>
    </LineString>
  </Placemark>
  <Placemark>
    <name>GEZAT</name>
    <description>Origen: LFLL -&gt; LEBL</description>
    <styleUrl>#schengen_line</styleUrl>
    <TimeSpan>
      <begin>2026-05-30T06:20:00Z</begin>
      <end>2026-05-30T23:59:59Z</end>
    </TimeSpan>
    <LineString>
      <altitudeMode>relativeToGround</altitudeMode>
      <coordinates>
        5.0811111111111105,45.72555555555556,50000
        2.0783333333333336,41.29694444444444,0
      </coordinates>
    </LineString>
  </Placemark>
  <Placemark>
    <name>ECMBS</name>
    <description>Origen: LEZL -&gt; LEBL</description>
    <styleUrl>#schengen_line</styleUrl>
    <TimeSpan>
      <begin>2026-05-30T06:21:00Z</begin>
      <end>2026-05-30T23:59:59Z</end>
    </TimeSpan>
    <LineString>
      <altitudeMode>relativeToGround</altitudeMode>
      <coordinates>
        -5.898888888888888,37.418055555555554,50000
        2.0783333333333336,41.29694444444444,0
      </coordinates>
    </LineString>
  </Placemark>
  <Placemark>
    <name>ECJYX</name>
    <description>Origen: LECO -&gt; LEBL</description>
    <styleUrl>#schengen_line</styleUrl>
    <TimeSpan>
      <begin>2026-05-30T06:23:00Z</begin>
      <end>2026-05-30T23:59:59Z</end>
    </TimeSpan>
    <LineString>
      <altitudeMode>relativeToGround</altitudeMode>
      <coordinates>
        -8.377222222222223,43.301944444444445,50000
        2.0783333333333336,41.29694444444444,0
      </coordinates>
    </LineString>
  </Placemark>
  <Placemark>
    <name>DAEBP</name>
    <description>Origen: EDDM -&gt; LEBL</description>
    <styleUrl>#schengen_line</styleUrl>
    <TimeSpan>
      <begin>2026-05-30T06:24:00Z</begin>
      <end>2026-05-30T23:59:59Z</end>
    </TimeSpan>
    <LineString>
      <altitudeMode>relativeToGround</altitudeMode>
      <coordinates>
        11.786111111111111,48.35388888888889,50000
        2.0783333333333336,41.29694444444444,0
      </coordinates>
    </LineString>
  </Placemark>
  <Placemark>
    <name>OOSSW</name>
    <description>Origen: EBBR -&gt; LEBL</description>
    <styleUrl>#schengen_line</styleUrl>
    <TimeSpan>
      <begin>2026-05-30T06:26:00Z</begin>
      <end>2026-05-30T23:59:59Z</end>
    </TimeSpan>
    <LineString>
      <altitudeMode>relativeToGround</altitudeMode>
      <coordinates>
        4.484444444444445,50.90138888888889,50000
        2.0783333333333336,41.29694444444444,0
      </coordinates>
    </LineString>
  </Placemark>
  <Placemark>
    <name>VQBTN</name>
    <description>Origen: UUEE -&gt; LEBL</description>
    <styleUrl>#schengen_line</styleUrl>
    <TimeSpan>
      <begin>2026-05-30T06:28:00Z</begin>
      <end>2026-05-30T23:59:59Z</end>
    </TimeSpan>
    <LineString>
      <altitudeMode>relativeToGround</altitudeMode>
      <coordinates>
        37.41305555555555,55.972500000000004,50000
        2.0783333333333336,41.29694444444444,0
      </coordinates>
    </LineString>
  </Placemark>
  <Placemark>
    <name>OHLZD</name>
    <description>Origen: EFHK -&gt; LEBL</description>
    <styleUrl>#schengen_line</styleUrl>
    <TimeSpan>
      <begin>2026-05-30T06:30:00Z</begin>
      <end>2026-05-30T23:59:59Z</end>
    </TimeSpan>
    <LineString>
      <altitudeMode>relativeToGround</altitudeMode>
      <coordinates>
        24.96333333333333,60.31722222222223,50000
        2.0783333333333336,41.29694444444444,0
      </coordinates>
    </LineString>
  </Placemark>
  <Placemark>
    <name>DABZA</name>
    <description>Origen: EDDL -&gt; LEBL</description>
    <styleUrl>#schengen_line</styleUrl>
    <TimeSpan>
      <begin>2026-05-30T06:33:00Z</begin>
      <end>2026-05-30T23:59:59Z</end>
    </TimeSpan>
    <LineString>
      <altitudeMode>relativeToGround</altitudeMode>
      <coordinates>
        6.7572222222222225,51.280833333333334,50000
        2.0783333333333336,41.29694444444444,0
      </coordinates>
    </LineString>
  </Placemark>
  <Placemark>
    <name>N823NW</name>
    <description>Origen: KATL -&gt; LEBL</description>
    <styleUrl>#schengen_line</styleUrl>
    <TimeSpan>
      <begin>2026-05-30T06:37:00Z</begin>
      <end>2026-05-30T23:59:59Z</end>
    </TimeSpan>
    <LineString>
      <altitudeMode>relativeToGround</altitudeMode>
      <coordinates>
        -84.43333333333334,33.63333333333333,50000
        2.0783333333333336,41.29694444444444,0
      </coordinates>
    </LineString>
  </Placemark>
  <Placemark>
    <name>ECMAH</name>
    <description>Origen: LIRF -&gt; LEBL</description>
    <styleUrl>#schengen_line</styleUrl>
    <TimeSpan>
      <begin>2026-05-30T06:41:00Z</begin>
      <end>2026-05-30T23:59:59Z</end>
    </TimeSpan>
    <LineString>
      <altitudeMode>relativeToGround</altitudeMode>
      <coordinates>
        12.238888888888889,41.80027777777777,50000
        2.0783333333333336,41.29694444444444,0
      </coordinates>
    </LineString>
  </Placemark>
  <Placemark>
    <name>EIENM</name>
    <description>Origen: EDDB -&gt; LEBL</description>
    <styleUrl>#schengen_line</styleUrl>
    <TimeSpan>
      <begin>2026-05-30T06:42:00Z</begin>
      <end>2026-05-30T23:59:59Z</end>
    </TimeSpan>
    <LineString>
      <altitudeMode>relativeToGround</altitudeMode>
      <coordinates>
        13.500555555555556,52.36222222222222,50000
        2.0783333333333336,41.29694444444444,0
      </coordinates>
    </LineString>
  </Placemark>
  <Placemark>
    <name>ECMBT</name>
    <description>Origen: LEAS -&gt; LEBL</description>
    <styleUrl>#schengen_line</styleUrl>
    <TimeSpan>
      <begin>2026-05-30T06:44:00Z</begin>
      <end>2026-05-30T23:59:59Z</end>
    </TimeSpan>
    <LineString>
      <altitudeMode>relativeToGround</altitudeMode>
      <coordinates>
        -6.034722222222222,43.56361111111111,50000
        2.0783333333333336,41.29694444444444,0
      </coordinates>
    </LineString>
  </Placemark>
  <Placemark>
    <name>ECJQZ</name>
    <description>Origen: LEMD -&gt; LEBL</description>
    <styleUrl>#schengen_line</styleUrl>
    <TimeSpan>
      <begin>2026-05-30T06:45:00Z</begin>
      <end>2026-05-30T23:59:59Z</end>
    </TimeSpan>
    <LineString>
      <altitudeMode>relativeToGround</altitudeMode>
      <coordinates>
        -3.560833333333333,40.47222222222222,50000
        2.0783333333333336,41.29694444444444,0
      </coordinates>
    </LineString>
  </Placemark>
  <Placemark>
    <name>HBIOK</name>
    <description>Origen: LSZH -&gt; LEBL</description>
    <styleUrl>#schengen_line</styleUrl>
    <TimeSpan>
      <begin>2026-05-30T06:47:00Z</begin>
      <end>2026-05-30T23:59:59Z</end>
    </TimeSpan>
    <LineString>
      <altitudeMode>relativeToGround</altitudeMode>
      <coordinates>
        8.548055555555555,47.45805555555556,50000
        2.0783333333333336,41.29694444444444,0
      </coordinates>
    </LineString>
  </Placemark>
  <Placemark>
    <name>ECMEA</name>
    <description>Origen: ULLI -&gt; LEBL</description>
    <styleUrl>#schengen_line</styleUrl>
    <TimeSpan>
      <begin>2026-05-30T06:48:00Z</begin>
      <end>2026-05-30T23:59:59Z</end>
    </TimeSpan>
    <LineString>
      <altitudeMode>relativeToGround</altitudeMode>
      <coordinates>
        30.2625,59.80027777777777,50000
        2.0783333333333336,41.29694444444444,0
      </coordinates>
    </LineString>
  </Placemark>
  <Placemark>
    <name>ECLZN</name>
    <description>Origen: LGMK -&gt; LEBL</description>
    <styleUrl>#schengen_line</styleUrl>
    <TimeSpan>
      <begin>2026-05-30T06:50:00Z</begin>
      <end>2026-05-30T23:59:59Z</end>
    </TimeSpan>
    <LineString>
      <altitudeMode>relativeToGround</altitudeMode>
      <coordinates>
        25.34722222222222,37.43722222222222,50000
        2.0783333333333336,41.29694444444444,0
      </coordinates>
    </LineString>
  </Placemark>
  <Placemark>
    <name>ECMLM</name>
    <description>Origen: LFPO -&gt; LEBL</description>
    <styleUrl>#schengen_line</styleUrl>
    <TimeSpan>
      <begin>2026-05-30T06:51:00Z</begin>
      <end>2026-05-30T23:59:59Z</end>
    </TimeSpan>
    <LineString>
      <altitudeMode>relativeToGround</altitudeMode>
      <coordinates>
        2.3794444444444447,48.723333333333336,50000
        2.0783333333333336,41.29694444444444,0
      </coordinates>
    </LineString>
  </Placemark>
  <Placemark>
    <name>DAGWT</name>
    <description>Origen: EDDV -&gt; LEBL</description>
    <styleUrl>#schengen_line</styleUrl>
    <TimeSpan>
      <begin>2026-05-30T06:53:00Z</begin>
      <end>2026-05-30T23:59:59Z</end>
    </TimeSpan>
    <LineString>
      <altitudeMode>relativeToGround</altitudeMode>
      <coordinates>
        9.68361111111111,52.46027777777778,50000
        2.0783333333333336,41.29694444444444,0
      </coordinates>
    </LineString>
  </Placemark>
  <Placemark>
    <name>ECJQQ</name>
    <description>Origen: LEMD -&gt; LEBL</description>
    <styleUrl>#schengen_line</styleUrl>
    <TimeSpan>
      <begin>2026-05-30T06:55:00Z</begin>
      <end>2026-05-30T23:59:59Z</end>
    </TimeSpan>
    <LineString>
      <altitudeMode>relativeToGround</altitudeMode>
      <coordinates>
        -3.560833333333333,40.47222222222222,50000
        2.0783333333333336,41.29694444444444,0
      </coordinates>
    </LineString>
  </Placemark>
  <Placemark>
    <name>PHHSK</name>
    <description>Origen: EHEH -&gt; LEBL</description>
    <styleUrl>#schengen_line</styleUrl>
    <TimeSpan>
      <begin>2026-05-30T06:57:00Z</begin>
      <end>2026-05-30T23:59:59Z</end>
    </TimeSpan>
    <LineString>
      <altitudeMode>relativeToGround</altitudeMode>
      <coordinates>
        5.374444444444444,51.45,50000
        2.0783333333333336,41.29694444444444,0
      </coordinates>
    </LineString>
  </Placemark>
  <Placemark>
    <name>ECMGE</name>
    <description>Origen: UUDD -&gt; LEBL</description>
    <styleUrl>#schengen_line</styleUrl>
    <TimeSpan>
      <begin>2026-05-30T06:58:00Z</begin>
      <end>2026-05-30T23:59:59Z</end>
    </TimeSpan>
    <LineString>
      <altitudeMode>relativeToGround</altitudeMode>
      <coordinates>
        37.906388888888884,55.40861111111111,50000
        2.0783333333333336,41.29694444444444,0
      </coordinates>
    </LineString>
  </Placemark>
  <Placemark>
    <name>DAIPZ</name>
    <description>Origen: EDDL -&gt; LEBL</description>
    <styleUrl>#schengen_line</styleUrl>
    <TimeSpan>
      <begin>2026-05-30T06:59:00Z</begin>
      <end>2026-05-30T23:59:59Z</end>
    </TimeSpan>
    <LineString>
      <altitudeMode>relativeToGround</altitudeMode>
      <coordinates>
        6.7572222222222225,51.280833333333334,50000
        2.0783333333333336,41.29694444444444,0
      </coordinates>
    </LineString>
  </Placemark>
  <Placemark>
    <name>GEUUC</name>
    <description>Origen: EGLL -&gt; LEBL</description>
    <styleUrl>#schengen_line</styleUrl>
    <TimeSpan>
      <begin>2026-05-30T07:01:00Z</begin>
      <end>2026-05-30T23:59:59Z</end>
    </TimeSpan>
    <LineString>
      <altitudeMode>relativeToGround</altitudeMode>
      <coordinates>
        -0.4613888888888889,51.4775,50000
        2.0783333333333336,41.29694444444444,0
      </coordinates>
    </LineString>
  </Placemark>
  <Placemark>
    <name>ECMEQ</name>
    <description>Origen: OLBA -&gt; LEBL</description>
    <styleUrl>#schengen_line</styleUrl>
    <TimeSpan>
      <begin>2026-05-30T07:03:00Z</begin>
      <end>2026-05-30T23:59:59Z</end>
    </TimeSpan>
    <LineString>
      <altitudeMode>relativeToGround</altitudeMode>
      <coordinates>
        35.49,33.81916666666667,50000
        2.0783333333333336,41.29694444444444,0
      </coordinates>
    </LineString>
  </Placemark>
  <Placemark>
    <name>EIEKL</name>
    <description>Origen: LPPR -&gt; LEBL</description>
    <styleUrl>#schengen_line</styleUrl>
    <TimeSpan>
      <begin>2026-05-30T07:05:00Z</begin>
      <end>2026-05-30T23:59:59Z</end>
    </TimeSpan>
    <LineString>
      <altitudeMode>relativeToGround</altitudeMode>
      <coordinates>
        -8.678055555555554,41.23555555555556,50000
        2.0783333333333336,41.29694444444444,0
      </coordinates>
    </LineString>
  </Placemark>
  <Placemark>
    <name>ECLUL</name>
    <description>Origen: LEMD -&gt; LEBL</description>
    <styleUrl>#schengen_line</styleUrl>
    <TimeSpan>
      <begin>2026-05-30T07:07:00Z</begin>
      <end>2026-05-30T23:59:59Z</end>
    </TimeSpan>
    <LineString>
      <altitudeMode>relativeToGround</altitudeMode>
      <coordinates>
        -3.560833333333333,40.47222222222222,50000
        2.0783333333333336,41.29694444444444,0
      </coordinates>
    </LineString>
  </Placemark>
  <Placemark>
    <name>OELBR</name>
    <description>Origen: LOWW -&gt; LEBL</description>
    <styleUrl>#schengen_line</styleUrl>
    <TimeSpan>
      <begin>2026-05-30T07:08:00Z</begin>
      <end>2026-05-30T23:59:59Z</end>
    </TimeSpan>
    <LineString>
      <altitudeMode>relativeToGround</altitudeMode>
      <coordinates>
        16.56972222222222,48.11027777777778,50000
        2.0783333333333336,41.29694444444444,0
      </coordinates>
    </LineString>
  </Placemark>
  <Placemark>
    <name>N76054</name>
    <description>Origen: KEWR -&gt; LEBL</description>
    <styleUrl>#schengen_line</styleUrl>
    <TimeSpan>
      <begin>2026-05-30T07:10:00Z</begin>
      <end>2026-05-30T23:59:59Z</end>
    </TimeSpan>
    <LineString>
      <altitudeMode>relativeToGround</altitudeMode>
      <coordinates>
        -74.16833333333334,40.696666666666665,50000
        2.0783333333333336,41.29694444444444,0
      </coordinates>
    </LineString>
  </Placemark>
  <Placemark>
    <name>EIFIY</name>
    <description>Origen: LEIB -&gt; LEBL</description>
    <styleUrl>#schengen_line</styleUrl>
    <TimeSpan>
      <begin>2026-05-30T07:13:00Z</begin>
      <end>2026-05-30T23:59:59Z</end>
    </TimeSpan>
    <LineString>
      <altitudeMode>relativeToGround</altitudeMode>
      <coordinates>
        1.3730555555555557,38.87277777777778,50000
        2.0783333333333336,41.29694444444444,0
      </coordinates>
    </LineString>
  </Placemark>
  <Placemark>
    <name>ECMFM</name>
    <description>Origen: LEZL -&gt; LEBL</description>
    <styleUrl>#schengen_line</styleUrl>
    <TimeSpan>
      <begin>2026-05-30T07:14:00Z</begin>
      <end>2026-05-30T23:59:59Z</end>
    </TimeSpan>
    <LineString>
      <altitudeMode>relativeToGround</altitudeMode>
      <coordinates>
        -5.898888888888888,37.418055555555554,50000
        2.0783333333333336,41.29694444444444,0
      </coordinates>
    </LineString>
  </Placemark>
  <Placemark>
    <name>9VSWD</name>
    <description>Origen: SBGR -&gt; LEBL</description>
    <styleUrl>#schengen_line</styleUrl>
    <TimeSpan>
      <begin>2026-05-30T07:16:00Z</begin>
      <end>2026-05-30T23:59:59Z</end>
    </TimeSpan>
    <LineString>
      <altitudeMode>relativeToGround</altitudeMode>
      <coordinates>
        -46.47,-23.433333333333334,50000
        2.0783333333333336,41.29694444444444,0
      </coordinates>
    </LineString>
  </Placemark>
  <Placemark>
    <name>FGTAZ</name>
    <description>Origen: LFPG -&gt; LEBL</description>
    <styleUrl>#schengen_line</styleUrl>
    <TimeSpan>
      <begin>2026-05-30T07:19:00Z</begin>
      <end>2026-05-30T23:59:59Z</end>
    </TimeSpan>
    <LineString>
      <altitudeMode>relativeToGround</altitudeMode>
      <coordinates>
        2.5477777777777777,49.00972222222222,50000
        2.0783333333333336,41.29694444444444,0
      </coordinates>
    </LineString>
  </Placemark>
  <Placemark>
    <name>OYKBP</name>
    <description>Origen: EKCH -&gt; LEBL</description>
    <styleUrl>#schengen_line</styleUrl>
    <TimeSpan>
      <begin>2026-05-30T07:22:00Z</begin>
      <end>2026-05-30T23:59:59Z</end>
    </TimeSpan>
    <LineString>
      <altitudeMode>relativeToGround</altitudeMode>
      <coordinates>
        12.65611111111111,55.61805555555556,50000
        2.0783333333333336,41.29694444444444,0
      </coordinates>
    </LineString>
  </Placemark>
  <Placemark>
    <name>ECMHA</name>
    <description>Origen: LEPA -&gt; LEBL</description>
    <styleUrl>#schengen_line</styleUrl>
    <TimeSpan>
      <begin>2026-05-30T07:23:00Z</begin>
      <end>2026-05-30T23:59:59Z</end>
    </TimeSpan>
    <LineString>
      <altitudeMode>relativeToGround</altitudeMode>
      <coordinates>
        2.738888888888889,39.55166666666666,50000
        2.0783333333333336,41.29694444444444,0
      </coordinates>
    </LineString>
  </Placemark>
  <Placemark>
    <name>DAGWI</name>
    <description>Origen: EDDK -&gt; LEBL</description>
    <styleUrl>#schengen_line</styleUrl>
    <TimeSpan>
      <begin>2026-05-30T07:25:00Z</begin>
      <end>2026-05-30T23:59:59Z</end>
    </TimeSpan>
    <LineString>
      <altitudeMode>relativeToGround</altitudeMode>
      <coordinates>
        7.142777777777778,50.865833333333335,50000
        2.0783333333333336,41.29694444444444,0
      </coordinates>
    </LineString>
  </Placemark>
  <Placemark>
    <name>ECLLJ</name>
    <description>Origen: LEIB -&gt; LEBL</description>
    <styleUrl>#schengen_line</styleUrl>
    <TimeSpan>
      <begin>2026-05-30T07:26:00Z</begin>
      <end>2026-05-30T23:59:59Z</end>
    </TimeSpan>
    <LineString>
      <altitudeMode>relativeToGround</altitudeMode>
      <coordinates>
        1.3730555555555557,38.87277777777778,50000
        2.0783333333333336,41.29694444444444,0
      </coordinates>
    </LineString>
  </Placemark>
  <Placemark>
    <name>ECMKV</name>
    <description>Origen: LESO -&gt; LEBL</description>
    <styleUrl>#schengen_line</styleUrl>
    <TimeSpan>
      <begin>2026-05-30T07:28:00Z</begin>
      <end>2026-05-30T23:59:59Z</end>
    </TimeSpan>
    <LineString>
      <altitudeMode>relativeToGround</altitudeMode>
      <coordinates>
        -1.7905555555555555,43.35638888888889,50000
        2.0783333333333336,41.29694444444444,0
      </coordinates>
    </LineString>
  </Placemark>
  <Placemark>
    <name>DAIDL</name>
    <description>Origen: EDDF -&gt; LEBL</description>
    <styleUrl>#schengen_line</styleUrl>
    <TimeSpan>
      <begin>2026-05-30T07:28:00Z</begin>
      <end>2026-05-30T23:59:59Z</end>
    </TimeSpan>
    <LineString>
      <altitudeMode>relativeToGround</altitudeMode>
      <coordinates>
        8.570555555555556,50.03333333333333,50000
        2.0783333333333336,41.29694444444444,0
      </coordinates>
    </LineString>
  </Placemark>
  <Placemark>
    <name>ECJTR</name>
    <description>Origen: EHAM -&gt; LEBL</description>
    <styleUrl>#schengen_line</styleUrl>
    <TimeSpan>
      <begin>2026-05-30T07:30:00Z</begin>
      <end>2026-05-30T23:59:59Z</end>
    </TimeSpan>
    <LineString>
      <altitudeMode>relativeToGround</altitudeMode>
      <coordinates>
        4.764166666666667,52.308055555555555,50000
        2.0783333333333336,41.29694444444444,0
      </coordinates>
    </LineString>
  </Placemark>
  <Placemark>
    <name>EIFRF</name>
    <description>Origen: EIDW -&gt; LEBL</description>
    <styleUrl>#schengen_line</styleUrl>
    <TimeSpan>
      <begin>2026-05-30T07:32:00Z</begin>
      <end>2026-05-30T23:59:59Z</end>
    </TimeSpan>
    <LineString>
      <altitudeMode>relativeToGround</altitudeMode>
      <coordinates>
        -6.27,53.421388888888885,50000
        2.0783333333333336,41.29694444444444,0
      </coordinates>
    </LineString>
  </Placemark>
  <Placemark>
    <name>GZBAI</name>
    <description>Origen: EGKK -&gt; LEBL</description>
    <styleUrl>#schengen_line</styleUrl>
    <TimeSpan>
      <begin>2026-05-30T07:34:00Z</begin>
      <end>2026-05-30T23:59:59Z</end>
    </TimeSpan>
    <LineString>
      <altitudeMode>relativeToGround</altitudeMode>
      <coordinates>
        -0.19027777777777777,51.14805555555556,50000
        2.0783333333333336,41.29694444444444,0
      </coordinates>
    </LineString>
  </Placemark>
  <Placemark>
    <name>TCJNZ</name>
    <description>Origen: LTBA -&gt; LEBL</description>
    <styleUrl>#schengen_line</styleUrl>
    <TimeSpan>
      <begin>2026-05-30T07:36:00Z</begin>
      <end>2026-05-30T23:59:59Z</end>
    </TimeSpan>
    <LineString>
      <altitudeMode>relativeToGround</altitudeMode>
      <coordinates>
        28.81416666666667,40.976111111111116,50000
        2.0783333333333336,41.29694444444444,0
      </coordinates>
    </LineString>
  </Placemark>
  <Placemark>
    <name>GEZDU</name>
    <description>Origen: EDDB -&gt; LEBL</description>
    <styleUrl>#schengen_line</styleUrl>
    <TimeSpan>
      <begin>2026-05-30T07:38:00Z</begin>
      <end>2026-05-30T23:59:59Z</end>
    </TimeSpan>
    <LineString>
      <altitudeMode>relativeToGround</altitudeMode>
      <coordinates>
        13.500555555555556,52.36222222222222,50000
        2.0783333333333336,41.29694444444444,0
      </coordinates>
    </LineString>
  </Placemark>
  <Placemark>
    <name>B5913</name>
    <description>Origen: LOWW -&gt; LEBL</description>
    <styleUrl>#schengen_line</styleUrl>
    <TimeSpan>
      <begin>2026-05-30T07:39:00Z</begin>
      <end>2026-05-30T23:59:59Z</end>
    </TimeSpan>
    <LineString>
      <altitudeMode>relativeToGround</altitudeMode>
      <coordinates>
        16.56972222222222,48.11027777777778,50000
        2.0783333333333336,41.29694444444444,0
      </coordinates>
    </LineString>
  </Placemark>
  <Placemark>
    <name>OELED</name>
    <description>Origen: LOWW -&gt; LEBL</description>
    <styleUrl>#schengen_line</styleUrl>
    <TimeSpan>
      <begin>2026-05-30T07:41:00Z</begin>
      <end>2026-05-30T23:59:59Z</end>
    </TimeSpan>
    <LineString>
      <altitudeMode>relativeToGround</altitudeMode>
      <coordinates>
        16.56972222222222,48.11027777777778,50000
        2.0783333333333336,41.29694444444444,0
      </coordinates>
    </LineString>
  </Placemark>
  <Placemark>
    <name>GZBAH</name>
    <description>Origen: EGBB -&gt; LEBL</description>
    <styleUrl>#schengen_line</styleUrl>
    <TimeSpan>
      <begin>2026-05-30T07:43:00Z</begin>
      <end>2026-05-30T23:59:59Z</end>
    </TimeSpan>
    <LineString>
      <altitudeMode>relativeToGround</altitudeMode>
      <coordinates>
        -1.7480555555555557,52.45388888888889,50000
        2.0783333333333336,41.29694444444444,0
      </coordinates>
    </LineString>
  </Placemark>
  <Placemark>
    <name>ECMHS</name>
    <description>Origen: LPPT -&gt; LEBL</description>
    <styleUrl>#schengen_line</styleUrl>
    <TimeSpan>
      <begin>2026-05-30T07:44:00Z</begin>
      <end>2026-05-30T23:59:59Z</end>
    </TimeSpan>
    <LineString>
      <altitudeMode>relativeToGround</altitudeMode>
      <coordinates>
        -9.134166666666665,38.774166666666666,50000
        2.0783333333333336,41.29694444444444,0
      </coordinates>
    </LineString>
  </Placemark>
  <Placemark>
    <name>ECLML</name>
    <description>Origen: LEIB -&gt; LEBL</description>
    <styleUrl>#schengen_line</styleUrl>
    <TimeSpan>
      <begin>2026-05-30T07:46:00Z</begin>
      <end>2026-05-30T23:59:59Z</end>
    </TimeSpan>
    <LineString>
      <altitudeMode>relativeToGround</altitudeMode>
      <coordinates>
        1.3730555555555557,38.87277777777778,50000
        2.0783333333333336,41.29694444444444,0
      </coordinates>
    </LineString>
  </Placemark>
  <Placemark>
    <name>EIDAM</name>
    <description>Origen: LIME -&gt; LEBL</description>
    <styleUrl>#schengen_line</styleUrl>
    <TimeSpan>
      <begin>2026-05-30T07:48:00Z</begin>
      <end>2026-05-30T23:59:59Z</end>
    </TimeSpan>
    <LineString>
      <altitudeMode>relativeToGround</altitudeMode>
      <coordinates>
        9.700277777777776,45.66888888888889,50000
        2.0783333333333336,41.29694444444444,0
      </coordinates>
    </LineString>
  </Placemark>
  <Placemark>
    <name>GEZTG</name>
    <description>Origen: EGGD -&gt; LEBL</description>
    <styleUrl>#schengen_line</styleUrl>
    <TimeSpan>
      <begin>2026-05-30T07:50:00Z</begin>
      <end>2026-05-30T23:59:59Z</end>
    </TimeSpan>
    <LineString>
      <altitudeMode>relativeToGround</altitudeMode>
      <coordinates>
        -2.7191666666666667,51.382777777777775,50000
        2.0783333333333336,41.29694444444444,0
      </coordinates>
    </LineString>
  </Placemark>
  <Placemark>
    <name>CSTTO</name>
    <description>Origen: LPPT -&gt; LEBL</description>
    <styleUrl>#schengen_line</styleUrl>
    <TimeSpan>
      <begin>2026-05-30T07:52:00Z</begin>
      <end>2026-05-30T23:59:59Z</end>
    </TimeSpan>
    <LineString>
      <altitudeMode>relativeToGround</altitudeMode>
      <coordinates>
        -9.134166666666665,38.774166666666666,50000
        2.0783333333333336,41.29694444444444,0
      </coordinates>
    </LineString>
  </Placemark>
  <Placemark>
    <name>GEZUM</name>
    <description>Origen: LSGG -&gt; LEBL</description>
    <styleUrl>#schengen_line</styleUrl>
    <TimeSpan>
      <begin>2026-05-30T07:53:00Z</begin>
      <end>2026-05-30T23:59:59Z</end>
    </TimeSpan>
    <LineString>
      <altitudeMode>relativeToGround</altitudeMode>
      <coordinates>
        6.109444444444444,46.23833333333334,50000
        2.0783333333333336,41.29694444444444,0
      </coordinates>
    </LineString>
  </Placemark>
  <Placemark>
    <name>EIDEJ</name>
    <description>Origen: EIDW -&gt; LEBL</description>
    <styleUrl>#schengen_line</styleUrl>
    <TimeSpan>
      <begin>2026-05-30T07:55:00Z</begin>
      <end>2026-05-30T23:59:59Z</end>
    </TimeSpan>
    <LineString>
      <altitudeMode>relativeToGround</altitudeMode>
      <coordinates>
        -6.27,53.421388888888885,50000
        2.0783333333333336,41.29694444444444,0
      </coordinates>
    </LineString>
  </Placemark>
  <Placemark>
    <name>ECMLE</name>
    <description>Origen: LFRS -&gt; LEBL</description>
    <styleUrl>#schengen_line</styleUrl>
    <TimeSpan>
      <begin>2026-05-30T07:57:00Z</begin>
      <end>2026-05-30T23:59:59Z</end>
    </TimeSpan>
    <LineString>
      <altitudeMode>relativeToGround</altitudeMode>
      <coordinates>
        -1.607777777777778,47.15694444444444,50000
        2.0783333333333336,41.29694444444444,0
      </coordinates>
    </LineString>
  </Placemark>
  <Placemark>
    <name>CGHLQ</name>
    <description>Origen: CYUL -&gt; LEBL</description>
    <styleUrl>#schengen_line</styleUrl>
    <TimeSpan>
      <begin>2026-05-30T08:01:00Z</begin>
      <end>2026-05-30T23:59:59Z</end>
    </TimeSpan>
    <LineString>
      <altitudeMode>relativeToGround</altitudeMode>
      <coordinates>
        -73.74138888888889,45.46805555555556,50000
        2.0783333333333336,41.29694444444444,0
      </coordinates>
    </LineString>
  </Placemark>
  <Placemark>
    <name>ECLZF</name>
    <description>Origen: LEMH -&gt; LEBL</description>
    <styleUrl>#schengen_line</styleUrl>
    <TimeSpan>
      <begin>2026-05-30T08:05:00Z</begin>
      <end>2026-05-30T23:59:59Z</end>
    </TimeSpan>
    <LineString>
      <altitudeMode>relativeToGround</altitudeMode>
      <coordinates>
        4.2186111111111115,39.862500000000004,50000
        2.0783333333333336,41.29694444444444,0
      </coordinates>
    </LineString>
  </Placemark>
  <Placemark>
    <name>CSDXZ</name>
    <description>Origen: LFST -&gt; LEBL</description>
    <styleUrl>#schengen_line</styleUrl>
    <TimeSpan>
      <begin>2026-05-30T08:07:00Z</begin>
      <end>2026-05-30T23:59:59Z</end>
    </TimeSpan>
    <LineString>
      <altitudeMode>relativeToGround</altitudeMode>
      <coordinates>
        7.634444444444444,48.54194444444444,50000
        2.0783333333333336,41.29694444444444,0
      </coordinates>
    </LineString>
  </Placemark>
  <Placemark>
    <name>GEZPC</name>
    <description>Origen: EGGP -&gt; LEBL</description>
    <styleUrl>#schengen_line</styleUrl>
    <TimeSpan>
      <begin>2026-05-30T08:08:00Z</begin>
      <end>2026-05-30T23:59:59Z</end>
    </TimeSpan>
    <LineString>
      <altitudeMode>relativeToGround</altitudeMode>
      <coordinates>
        -2.8497222222222223,53.33361111111111,50000
        2.0783333333333336,41.29694444444444,0
      </coordinates>
    </LineString>
  </Placemark>
  <Placemark>
    <name>PHBXF</name>
    <description>Origen: EHAM -&gt; LEBL</description>
    <styleUrl>#schengen_line</styleUrl>
    <TimeSpan>
      <begin>2026-05-30T08:11:00Z</begin>
      <end>2026-05-30T23:59:59Z</end>
    </TimeSpan>
    <LineString>
      <altitudeMode>relativeToGround</altitudeMode>
      <coordinates>
        4.764166666666667,52.308055555555555,50000
        2.0783333333333336,41.29694444444444,0
      </coordinates>
    </LineString>
  </Placemark>
  <Placemark>
    <name>EIEBK</name>
    <description>Origen: EGCC -&gt; LEBL</description>
    <styleUrl>#schengen_line</styleUrl>
    <TimeSpan>
      <begin>2026-05-30T08:15:00Z</begin>
      <end>2026-05-30T23:59:59Z</end>
    </TimeSpan>
    <LineString>
      <altitudeMode>relativeToGround</altitudeMode>
      <coordinates>
        -2.275,53.35388888888889,50000
        2.0783333333333336,41.29694444444444,0
      </coordinates>
    </LineString>
  </Placemark>
  <Placemark>
    <name>ECLVC</name>
    <description>Origen: LEGR -&gt; LEBL</description>
    <styleUrl>#schengen_line</styleUrl>
    <TimeSpan>
      <begin>2026-05-30T08:16:00Z</begin>
      <end>2026-05-30T23:59:59Z</end>
    </TimeSpan>
    <LineString>
      <altitudeMode>relativeToGround</altitudeMode>
      <coordinates>
        -3.777222222222222,37.18861111111111,50000
        2.0783333333333336,41.29694444444444,0
      </coordinates>
    </LineString>
  </Placemark>
  <Placemark>
    <name>EIDPM</name>
    <description>Origen: EGPH -&gt; LEBL</description>
    <styleUrl>#schengen_line</styleUrl>
    <TimeSpan>
      <begin>2026-05-30T08:18:00Z</begin>
      <end>2026-05-30T23:59:59Z</end>
    </TimeSpan>
    <LineString>
      <altitudeMode>relativeToGround</altitudeMode>
      <coordinates>
        -3.3725,55.95,50000
        2.0783333333333336,41.29694444444444,0
      </coordinates>
    </LineString>
  </Placemark>
  <Placemark>
    <name>ECMBK</name>
    <description>Origen: UWKD -&gt; LEBL</description>
    <styleUrl>#schengen_line</styleUrl>
    <TimeSpan>
      <begin>2026-05-30T08:19:00Z</begin>
      <end>2026-05-30T23:59:59Z</end>
    </TimeSpan>
    <LineString>
      <altitudeMode>relativeToGround</altitudeMode>
      <coordinates>
        49.280277777777776,55.606944444444444,50000
        2.0783333333333336,41.29694444444444,0
      </coordinates>
    </LineString>
  </Placemark>
  <Placemark>
    <name>ECLUN</name>
    <description>Origen: DAAG -&gt; LEBL</description>
    <styleUrl>#schengen_line</styleUrl>
    <TimeSpan>
      <begin>2026-05-30T08:21:00Z</begin>
      <end>2026-05-30T23:59:59Z</end>
    </TimeSpan>
    <LineString>
      <altitudeMode>relativeToGround</altitudeMode>
      <coordinates>
        3.2144444444444447,36.693888888888885,50000
        2.0783333333333336,41.29694444444444,0
      </coordinates>
    </LineString>
  </Placemark>
  <Placemark>
    <name>GEZBD</name>
    <description>Origen: EGAA -&gt; LEBL</description>
    <styleUrl>#schengen_line</styleUrl>
    <TimeSpan>
      <begin>2026-05-30T08:26:00Z</begin>
      <end>2026-05-30T23:59:59Z</end>
    </TimeSpan>
    <LineString>
      <altitudeMode>relativeToGround</altitudeMode>
      <coordinates>
        -6.215833333333333,54.6575,50000
        2.0783333333333336,41.29694444444444,0
      </coordinates>
    </LineString>
  </Placemark>
  <Placemark>
    <name>ECLRY</name>
    <description>Origen: LEMD -&gt; LEBL</description>
    <styleUrl>#schengen_line</styleUrl>
    <TimeSpan>
      <begin>2026-05-30T08:27:00Z</begin>
      <end>2026-05-30T23:59:59Z</end>
    </TimeSpan>
    <LineString>
      <altitudeMode>relativeToGround</altitudeMode>
      <coordinates>
        -3.560833333333333,40.47222222222222,50000
        2.0783333333333336,41.29694444444444,0
      </coordinates>
    </LineString>
  </Placemark>
  <Placemark>
    <name>EIEFW</name>
    <description>Origen: LEST -&gt; LEBL</description>
    <styleUrl>#schengen_line</styleUrl>
    <TimeSpan>
      <begin>2026-05-30T08:29:00Z</begin>
      <end>2026-05-30T23:59:59Z</end>
    </TimeSpan>
    <LineString>
      <altitudeMode>relativeToGround</altitudeMode>
      <coordinates>
        -8.415277777777778,42.896388888888886,50000
        2.0783333333333336,41.29694444444444,0
      </coordinates>
    </LineString>
  </Placemark>
  <Placemark>
    <name>EIDHP</name>
    <description>Origen: EGBB -&gt; LEBL</description>
    <styleUrl>#schengen_line</styleUrl>
    <TimeSpan>
      <begin>2026-05-30T08:31:00Z</begin>
      <end>2026-05-30T23:59:59Z</end>
    </TimeSpan>
    <LineString>
      <altitudeMode>relativeToGround</altitudeMode>
      <coordinates>
        -1.7480555555555557,52.45388888888889,50000
        2.0783333333333336,41.29694444444444,0
      </coordinates>
    </LineString>
  </Placemark>
  <Placemark>
    <name>ECLOB</name>
    <description>Origen: LFMN -&gt; LEBL</description>
    <styleUrl>#schengen_line</styleUrl>
    <TimeSpan>
      <begin>2026-05-30T08:33:00Z</begin>
      <end>2026-05-30T23:59:59Z</end>
    </TimeSpan>
    <LineString>
      <altitudeMode>relativeToGround</altitudeMode>
      <coordinates>
        7.215,43.665277777777774,50000
        2.0783333333333336,41.29694444444444,0
      </coordinates>
    </LineString>
  </Placemark>
  <Placemark>
    <name>EIDWK</name>
    <description>Origen: EBBR -&gt; LEBL</description>
    <styleUrl>#schengen_line</styleUrl>
    <TimeSpan>
      <begin>2026-05-30T08:38:00Z</begin>
      <end>2026-05-30T23:59:59Z</end>
    </TimeSpan>
    <LineString>
      <altitudeMode>relativeToGround</altitudeMode>
      <coordinates>
        4.484444444444445,50.90138888888889,50000
        2.0783333333333336,41.29694444444444,0
      </coordinates>
    </LineString>
  </Placemark>
  <Placemark>
    <name>YRBGI</name>
    <description>Origen: LROP -&gt; LEBL</description>
    <styleUrl>#schengen_line</styleUrl>
    <TimeSpan>
      <begin>2026-05-30T08:40:00Z</begin>
      <end>2026-05-30T23:59:59Z</end>
    </TimeSpan>
    <LineString>
      <altitudeMode>relativeToGround</altitudeMode>
      <coordinates>
        26.084999999999997,44.571111111111115,50000
        2.0783333333333336,41.29694444444444,0
      </coordinates>
    </LineString>
  </Placemark>
  <Placemark>
    <name>EIENO</name>
    <description>Origen: LFOB -&gt; LEBL</description>
    <styleUrl>#schengen_line</styleUrl>
    <TimeSpan>
      <begin>2026-05-30T08:41:00Z</begin>
      <end>2026-05-30T23:59:59Z</end>
    </TimeSpan>
    <LineString>
      <altitudeMode>relativeToGround</altitudeMode>
      <coordinates>
        2.112777777777778,49.45444444444445,50000
        2.0783333333333336,41.29694444444444,0
      </coordinates>
    </LineString>
  </Placemark>
  <Placemark>
    <name>YRBAP</name>
    <description>Origen: LROP -&gt; LEBL</description>
    <styleUrl>#schengen_line</styleUrl>
    <TimeSpan>
      <begin>2026-05-30T08:43:00Z</begin>
      <end>2026-05-30T23:59:59Z</end>
    </TimeSpan>
    <LineString>
      <altitudeMode>relativeToGround</altitudeMode>
      <coordinates>
        26.084999999999997,44.571111111111115,50000
        2.0783333333333336,41.29694444444444,0
      </coordinates>
    </LineString>
  </Placemark>
  <Placemark>
    <name>ECLUT</name>
    <description>Origen: LLBG -&gt; LEBL</description>
    <styleUrl>#schengen_line</styleUrl>
    <TimeSpan>
      <begin>2026-05-30T08:45:00Z</begin>
      <end>2026-05-30T23:59:59Z</end>
    </TimeSpan>
    <LineString>
      <altitudeMode>relativeToGround</altitudeMode>
      <coordinates>
        34.885555555555555,32.00944444444445,50000
        2.0783333333333336,41.29694444444444,0
      </coordinates>
    </LineString>
  </Placemark>
  <Placemark>
    <name>GEUUO</name>
    <description>Origen: EGLL -&gt; LEBL</description>
    <styleUrl>#schengen_line</styleUrl>
    <TimeSpan>
      <begin>2026-05-30T08:46:00Z</begin>
      <end>2026-05-30T23:59:59Z</end>
    </TimeSpan>
    <LineString>
      <altitudeMode>relativeToGround</altitudeMode>
      <coordinates>
        -0.4613888888888889,51.4775,50000
        2.0783333333333336,41.29694444444444,0
      </coordinates>
    </LineString>
  </Placemark>
  <Placemark>
    <name>N790AN</name>
    <description>Origen: KMIA -&gt; LEBL</description>
    <styleUrl>#schengen_line</styleUrl>
    <TimeSpan>
      <begin>2026-05-30T08:48:00Z</begin>
      <end>2026-05-30T23:59:59Z</end>
    </TimeSpan>
    <LineString>
      <altitudeMode>relativeToGround</altitudeMode>
      <coordinates>
        -80.28333333333333,25.8,50000
        2.0783333333333336,41.29694444444444,0
      </coordinates>
    </LineString>
  </Placemark>
  <Placemark>
    <name>GEZWN</name>
    <description>Origen: EGKK -&gt; LEBL</description>
    <styleUrl>#schengen_line</styleUrl>
    <TimeSpan>
      <begin>2026-05-30T08:50:00Z</begin>
      <end>2026-05-30T23:59:59Z</end>
    </TimeSpan>
    <LineString>
      <altitudeMode>relativeToGround</altitudeMode>
      <coordinates>
        -0.19027777777777777,51.14805555555556,50000
        2.0783333333333336,41.29694444444444,0
      </coordinates>
    </LineString>
  </Placemark>
  <Placemark>
    <name>SXDGQ</name>
    <description>Origen: LGAV -&gt; LEBL</description>
    <styleUrl>#schengen_line</styleUrl>
    <TimeSpan>
      <begin>2026-05-30T08:51:00Z</begin>
      <end>2026-05-30T23:59:59Z</end>
    </TimeSpan>
    <LineString>
      <altitudeMode>relativeToGround</altitudeMode>
      <coordinates>
        23.944444444444446,37.93666666666666,50000
        2.0783333333333336,41.29694444444444,0
      </coordinates>
    </LineString>
  </Placemark>
  <Placemark>
    <name>ECMMU</name>
    <description>Origen: GCLP -&gt; LEBL</description>
    <styleUrl>#schengen_line</styleUrl>
    <TimeSpan>
      <begin>2026-05-30T08:53:00Z</begin>
      <end>2026-05-30T23:59:59Z</end>
    </TimeSpan>
    <LineString>
      <altitudeMode>relativeToGround</altitudeMode>
      <coordinates>
        -15.386666666666667,27.931944444444447,50000
        2.0783333333333336,41.29694444444444,0
      </coordinates>
    </LineString>
  </Placemark>
  <Placemark>
    <name>LNRNO</name>
    <description>Origen: ENGM -&gt; LEBL</description>
    <styleUrl>#schengen_line</styleUrl>
    <TimeSpan>
      <begin>2026-05-30T08:55:00Z</begin>
      <end>2026-05-30T23:59:59Z</end>
    </TimeSpan>
    <LineString>
      <altitudeMode>relativeToGround</altitudeMode>
      <coordinates>
        11.08388888888889,60.20277777777778,50000
        2.0783333333333336,41.29694444444444,0
      </coordinates>
    </LineString>
  </Placemark>
  <Placemark>
    <name>ECHUH</name>
    <description>Origen: LEMD -&gt; LEBL</description>
    <styleUrl>#schengen_line</styleUrl>
    <TimeSpan>
      <begin>2026-05-30T08:57:00Z</begin>
      <end>2026-05-30T23:59:59Z</end>
    </TimeSpan>
    <LineString>
      <altitudeMode>relativeToGround</altitudeMode>
      <coordinates>
        -3.560833333333333,40.47222222222222,50000
        2.0783333333333336,41.29694444444444,0
      </coordinates>
    </LineString>
  </Placemark>
  <Placemark>
    <name>IBIXR</name>
    <description>Origen: LIRF -&gt; LEBL</description>
    <styleUrl>#schengen_line</styleUrl>
    <TimeSpan>
      <begin>2026-05-30T09:00:00Z</begin>
      <end>2026-05-30T23:59:59Z</end>
    </TimeSpan>
    <LineString>
      <altitudeMode>relativeToGround</altitudeMode>
      <coordinates>
        12.238888888888889,41.80027777777777,50000
        2.0783333333333336,41.29694444444444,0
      </coordinates>
    </LineString>
  </Placemark>
  <Placemark>
    <name>ECKMI</name>
    <description>Origen: LEZL -&gt; LEBL</description>
    <styleUrl>#schengen_line</styleUrl>
    <TimeSpan>
      <begin>2026-05-30T09:02:00Z</begin>
      <end>2026-05-30T23:59:59Z</end>
    </TimeSpan>
    <LineString>
      <altitudeMode>relativeToGround</altitudeMode>
      <coordinates>
        -5.898888888888888,37.418055555555554,50000
        2.0783333333333336,41.29694444444444,0
      </coordinates>
    </LineString>
  </Placemark>
  <Placemark>
    <name>GOZBE</name>
    <description>Origen: EGCC -&gt; LEBL</description>
    <styleUrl>#schengen_line</styleUrl>
    <TimeSpan>
      <begin>2026-05-30T09:03:00Z</begin>
      <end>2026-05-30T23:59:59Z</end>
    </TimeSpan>
    <LineString>
      <altitudeMode>relativeToGround</altitudeMode>
      <coordinates>
        -2.275,53.35388888888889,50000
        2.0783333333333336,41.29694444444444,0
      </coordinates>
    </LineString>
  </Placemark>
  <Placemark>
    <name>SPLND</name>
    <description>Origen: EPWA -&gt; LEBL</description>
    <styleUrl>#schengen_line</styleUrl>
    <TimeSpan>
      <begin>2026-05-30T09:04:00Z</begin>
      <end>2026-05-30T23:59:59Z</end>
    </TimeSpan>
    <LineString>
      <altitudeMode>relativeToGround</altitudeMode>
      <coordinates>
        20.96722222222222,52.16583333333333,50000
        2.0783333333333336,41.29694444444444,0
      </coordinates>
    </LineString>
  </Placemark>
  <Placemark>
    <name>EIDAE</name>
    <description>Origen: LIRF -&gt; LEBL</description>
    <styleUrl>#schengen_line</styleUrl>
    <TimeSpan>
      <begin>2026-05-30T09:05:00Z</begin>
      <end>2026-05-30T23:59:59Z</end>
    </TimeSpan>
    <LineString>
      <altitudeMode>relativeToGround</altitudeMode>
      <coordinates>
        12.238888888888889,41.80027777777777,50000
        2.0783333333333336,41.29694444444444,0
      </coordinates>
    </LineString>
  </Placemark>
  <Placemark>
    <name>N290AY</name>
    <description>Origen: KPHL -&gt; LEBL</description>
    <styleUrl>#schengen_line</styleUrl>
    <TimeSpan>
      <begin>2026-05-30T09:07:00Z</begin>
      <end>2026-05-30T23:59:59Z</end>
    </TimeSpan>
    <LineString>
      <altitudeMode>relativeToGround</altitudeMode>
      <coordinates>
        -75.245,39.87,50000
        2.0783333333333336,41.29694444444444,0
      </coordinates>
    </LineString>
  </Placemark>
  <Placemark>
    <name>VQBHK</name>
    <description>Origen: UUEE -&gt; LEBL</description>
    <styleUrl>#schengen_line</styleUrl>
    <TimeSpan>
      <begin>2026-05-30T09:10:00Z</begin>
      <end>2026-05-30T23:59:59Z</end>
    </TimeSpan>
    <LineString>
      <altitudeMode>relativeToGround</altitudeMode>
      <coordinates>
        37.41305555555555,55.972500000000004,50000
        2.0783333333333336,41.29694444444444,0
      </coordinates>
    </LineString>
  </Placemark>
  <Placemark>
    <name>ECKLT</name>
    <description>Origen: LEMD -&gt; LEBL</description>
    <styleUrl>#schengen_line</styleUrl>
    <TimeSpan>
      <begin>2026-05-30T09:11:00Z</begin>
      <end>2026-05-30T23:59:59Z</end>
    </TimeSpan>
    <LineString>
      <altitudeMode>relativeToGround</altitudeMode>
      <coordinates>
        -3.560833333333333,40.47222222222222,50000
        2.0783333333333336,41.29694444444444,0
      </coordinates>
    </LineString>
  </Placemark>
  <Placemark>
    <name>ECMMH</name>
    <description>Origen: GCXO -&gt; LEBL</description>
    <styleUrl>#schengen_line</styleUrl>
    <TimeSpan>
      <begin>2026-05-30T09:13:00Z</begin>
      <end>2026-05-30T23:59:59Z</end>
    </TimeSpan>
    <LineString>
      <altitudeMode>relativeToGround</altitudeMode>
      <coordinates>
        -16.341666666666665,28.482777777777777,50000
        2.0783333333333336,41.29694444444444,0
      </coordinates>
    </LineString>
  </Placemark>
  <Placemark>
    <name>ECMHB</name>
    <description>Origen: LFPO -&gt; LEBL</description>
    <styleUrl>#schengen_line</styleUrl>
    <TimeSpan>
      <begin>2026-05-30T09:14:00Z</begin>
      <end>2026-05-30T23:59:59Z</end>
    </TimeSpan>
    <LineString>
      <altitudeMode>relativeToGround</altitudeMode>
      <coordinates>
        2.3794444444444447,48.723333333333336,50000
        2.0783333333333336,41.29694444444444,0
      </coordinates>
    </LineString>
  </Placemark>
  <Placemark>
    <name>ECLXV</name>
    <description>Origen: LEPA -&gt; LEBL</description>
    <styleUrl>#schengen_line</styleUrl>
    <TimeSpan>
      <begin>2026-05-30T09:15:00Z</begin>
      <end>2026-05-30T23:59:59Z</end>
    </TimeSpan>
    <LineString>
      <altitudeMode>relativeToGround</altitudeMode>
      <coordinates>
        2.738888888888889,39.55166666666666,50000
        2.0783333333333336,41.29694444444444,0
      </coordinates>
    </LineString>
  </Placemark>
  <Placemark>
    <name>VPBWG</name>
    <description>Origen: ULLI -&gt; LEBL</description>
    <styleUrl>#schengen_line</styleUrl>
    <TimeSpan>
      <begin>2026-05-30T09:17:00Z</begin>
      <end>2026-05-30T23:59:59Z</end>
    </TimeSpan>
    <LineString>
      <altitudeMode>relativeToGround</altitudeMode>
      <coordinates>
        30.2625,59.80027777777777,50000
        2.0783333333333336,41.29694444444444,0
      </coordinates>
    </LineString>
  </Placemark>
  <Placemark>
    <name>ECMBY</name>
    <description>Origen: LDZA -&gt; LEBL</description>
    <styleUrl>#schengen_line</styleUrl>
    <TimeSpan>
      <begin>2026-05-30T09:18:00Z</begin>
      <end>2026-05-30T23:59:59Z</end>
    </TimeSpan>
    <LineString>
      <altitudeMode>relativeToGround</altitudeMode>
      <coordinates>
        16.06888888888889,45.74305555555556,50000
        2.0783333333333336,41.29694444444444,0
      </coordinates>
    </LineString>
  </Placemark>
  <Placemark>
    <name>DAIDF</name>
    <description>Origen: EDDM -&gt; LEBL</description>
    <styleUrl>#schengen_line</styleUrl>
    <TimeSpan>
      <begin>2026-05-30T09:20:00Z</begin>
      <end>2026-05-30T23:59:59Z</end>
    </TimeSpan>
    <LineString>
      <altitudeMode>relativeToGround</altitudeMode>
      <coordinates>
        11.786111111111111,48.35388888888889,50000
        2.0783333333333336,41.29694444444444,0
      </coordinates>
    </LineString>
  </Placemark>
  <Placemark>
    <name>EIDCJ</name>
    <description>Origen: EGSS -&gt; LEBL</description>
    <styleUrl>#schengen_line</styleUrl>
    <TimeSpan>
      <begin>2026-05-30T09:22:00Z</begin>
      <end>2026-05-30T23:59:59Z</end>
    </TimeSpan>
    <LineString>
      <altitudeMode>relativeToGround</altitudeMode>
      <coordinates>
        0.23500000000000001,51.885,50000
        2.0783333333333336,41.29694444444444,0
      </coordinates>
    </LineString>
  </Placemark>
  <Placemark>
    <name>ECMKN</name>
    <description>Origen: LSGG -&gt; LEBL</description>
    <styleUrl>#schengen_line</styleUrl>
    <TimeSpan>
      <begin>2026-05-30T09:24:00Z</begin>
      <end>2026-05-30T23:59:59Z</end>
    </TimeSpan>
    <LineString>
      <altitudeMode>relativeToGround</altitudeMode>
      <coordinates>
        6.109444444444444,46.23833333333334,50000
        2.0783333333333336,41.29694444444444,0
      </coordinates>
    </LineString>
  </Placemark>
  <Placemark>
    <name>ECJTQ</name>
    <description>Origen: LEVX -&gt; LEBL</description>
    <styleUrl>#schengen_line</styleUrl>
    <TimeSpan>
      <begin>2026-05-30T09:25:00Z</begin>
      <end>2026-05-30T23:59:59Z</end>
    </TimeSpan>
    <LineString>
      <altitudeMode>relativeToGround</altitudeMode>
      <coordinates>
        -8.627500000000001,42.22916666666667,50000
        2.0783333333333336,41.29694444444444,0
      </coordinates>
    </LineString>
  </Placemark>
  <Placemark>
    <name>LNNGP</name>
    <description>Origen: ENGM -&gt; LEBL</description>
    <styleUrl>#schengen_line</styleUrl>
    <TimeSpan>
      <begin>2026-05-30T09:26:00Z</begin>
      <end>2026-05-30T23:59:59Z</end>
    </TimeSpan>
    <LineString>
      <altitudeMode>relativeToGround</altitudeMode>
      <coordinates>
        11.08388888888889,60.20277777777778,50000
        2.0783333333333336,41.29694444444444,0
      </coordinates>
    </LineString>
  </Placemark>
  <Placemark>
    <name>ECMIQ</name>
    <description>Origen: LIRQ -&gt; LEBL</description>
    <styleUrl>#schengen_line</styleUrl>
    <TimeSpan>
      <begin>2026-05-30T09:28:00Z</begin>
      <end>2026-05-30T23:59:59Z</end>
    </TimeSpan>
    <LineString>
      <altitudeMode>relativeToGround</altitudeMode>
      <coordinates>
        11.202777777777778,43.808611111111105,50000
        2.0783333333333336,41.29694444444444,0
      </coordinates>
    </LineString>
  </Placemark>
  <Placemark>
    <name>GEZBI</name>
    <description>Origen: EGGW -&gt; LEBL</description>
    <styleUrl>#schengen_line</styleUrl>
    <TimeSpan>
      <begin>2026-05-30T09:30:00Z</begin>
      <end>2026-05-30T23:59:59Z</end>
    </TimeSpan>
    <LineString>
      <altitudeMode>relativeToGround</altitudeMode>
      <coordinates>
        -0.3683333333333333,51.874722222222225,50000
        2.0783333333333336,41.29694444444444,0
      </coordinates>
    </LineString>
  </Placemark>
  <Placemark>
    <name>ECMGZ</name>
    <description>Origen: LIPZ -&gt; LEBL</description>
    <styleUrl>#schengen_line</styleUrl>
    <TimeSpan>
      <begin>2026-05-30T09:31:00Z</begin>
      <end>2026-05-30T23:59:59Z</end>
    </TimeSpan>
    <LineString>
      <altitudeMode>relativeToGround</altitudeMode>
      <coordinates>
        12.351944444444444,45.50527777777778,50000
        2.0783333333333336,41.29694444444444,0
      </coordinates>
    </LineString>
  </Placemark>
  <Placemark>
    <name>ECLQM</name>
    <description>Origen: EBBR -&gt; LEBL</description>
    <styleUrl>#schengen_line</styleUrl>
    <TimeSpan>
      <begin>2026-05-30T09:34:00Z</begin>
      <end>2026-05-30T23:59:59Z</end>
    </TimeSpan>
    <LineString>
      <altitudeMode>relativeToGround</altitudeMode>
      <coordinates>
        4.484444444444445,50.90138888888889,50000
        2.0783333333333336,41.29694444444444,0
      </coordinates>
    </LineString>
  </Placemark>
  <Placemark>
    <name>GCELG</name>
    <description>Origen: EGCC -&gt; LEBL</description>
    <styleUrl>#schengen_line</styleUrl>
    <TimeSpan>
      <begin>2026-05-30T09:35:00Z</begin>
      <end>2026-05-30T23:59:59Z</end>
    </TimeSpan>
    <LineString>
      <altitudeMode>relativeToGround</altitudeMode>
      <coordinates>
        -2.275,53.35388888888889,50000
        2.0783333333333336,41.29694444444444,0
      </coordinates>
    </LineString>
  </Placemark>
  <Placemark>
    <name>GEZTA</name>
    <description>Origen: LFSB -&gt; LEBL</description>
    <styleUrl>#schengen_line</styleUrl>
    <TimeSpan>
      <begin>2026-05-30T09:36:00Z</begin>
      <end>2026-05-30T23:59:59Z</end>
    </TimeSpan>
    <LineString>
      <altitudeMode>relativeToGround</altitudeMode>
      <coordinates>
        7.529166666666667,47.59,50000
        2.0783333333333336,41.29694444444444,0
      </coordinates>
    </LineString>
  </Placemark>
  <Placemark>
    <name>DAISG</name>
    <description>Origen: EDDF -&gt; LEBL</description>
    <styleUrl>#schengen_line</styleUrl>
    <TimeSpan>
      <begin>2026-05-30T09:38:00Z</begin>
      <end>2026-05-30T23:59:59Z</end>
    </TimeSpan>
    <LineString>
      <altitudeMode>relativeToGround</altitudeMode>
      <coordinates>
        8.570555555555556,50.03333333333333,50000
        2.0783333333333336,41.29694444444444,0
      </coordinates>
    </LineString>
  </Placemark>
  <Placemark>
    <name>N900JG</name>
    <description>Origen: LLBG -&gt; LEBL</description>
    <styleUrl>#schengen_line</styleUrl>
    <TimeSpan>
      <begin>2026-05-30T09:40:00Z</begin>
      <end>2026-05-30T23:59:59Z</end>
    </TimeSpan>
    <LineString>
      <altitudeMode>relativeToGround</altitudeMode>
      <coordinates>
        34.885555555555555,32.00944444444445,50000
        2.0783333333333336,41.29694444444444,0
      </coordinates>
    </LineString>
  </Placemark>
  <Placemark>
    <name>LNDYW</name>
    <description>Origen: EKCH -&gt; LEBL</description>
    <styleUrl>#schengen_line</styleUrl>
    <TimeSpan>
      <begin>2026-05-30T09:41:00Z</begin>
      <end>2026-05-30T23:59:59Z</end>
    </TimeSpan>
    <LineString>
      <altitudeMode>relativeToGround</altitudeMode>
      <coordinates>
        12.65611111111111,55.61805555555556,50000
        2.0783333333333336,41.29694444444444,0
      </coordinates>
    </LineString>
  </Placemark>
  <Placemark>
    <name>GEZAT</name>
    <description>Origen: LFBD -&gt; LEBL</description>
    <styleUrl>#schengen_line</styleUrl>
    <TimeSpan>
      <begin>2026-05-30T09:43:00Z</begin>
      <end>2026-05-30T23:59:59Z</end>
    </TimeSpan>
    <LineString>
      <altitudeMode>relativeToGround</altitudeMode>
      <coordinates>
        -0.7152777777777777,44.828611111111115,50000
        2.0783333333333336,41.29694444444444,0
      </coordinates>
    </LineString>
  </Placemark>
  <Placemark>
    <name>EIDHX</name>
    <description>Origen: LIPE -&gt; LEBL</description>
    <styleUrl>#schengen_line</styleUrl>
    <TimeSpan>
      <begin>2026-05-30T09:44:00Z</begin>
      <end>2026-05-30T23:59:59Z</end>
    </TimeSpan>
    <LineString>
      <altitudeMode>relativeToGround</altitudeMode>
      <coordinates>
        11.296944444444444,44.530833333333334,50000
        2.0783333333333336,41.29694444444444,0
      </coordinates>
    </LineString>
  </Placemark>
  <Placemark>
    <name>CFIYE</name>
    <description>Origen: CYYZ -&gt; LEBL</description>
    <styleUrl>#schengen_line</styleUrl>
    <TimeSpan>
      <begin>2026-05-30T09:47:00Z</begin>
      <end>2026-05-30T23:59:59Z</end>
    </TimeSpan>
    <LineString>
      <altitudeMode>relativeToGround</altitudeMode>
      <coordinates>
        -79.63055555555555,43.67722222222222,50000
        2.0783333333333336,41.29694444444444,0
      </coordinates>
    </LineString>
  </Placemark>
  <Placemark>
    <name>ECMJC</name>
    <description>Origen: LDSP -&gt; LEBL</description>
    <styleUrl>#schengen_line</styleUrl>
    <TimeSpan>
      <begin>2026-05-30T09:50:00Z</begin>
      <end>2026-05-30T23:59:59Z</end>
    </TimeSpan>
    <LineString>
      <altitudeMode>relativeToGround</altitudeMode>
      <coordinates>
        16.298055555555557,43.538888888888884,50000
        2.0783333333333336,41.29694444444444,0
      </coordinates>
    </LineString>
  </Placemark>
  <Placemark>
    <name>ECKRH</name>
    <description>Origen: LEMH -&gt; LEBL</description>
    <styleUrl>#schengen_line</styleUrl>
    <TimeSpan>
      <begin>2026-05-30T09:52:00Z</begin>
      <end>2026-05-30T23:59:59Z</end>
    </TimeSpan>
    <LineString>
      <altitudeMode>relativeToGround</altitudeMode>
      <coordinates>
        4.2186111111111115,39.862500000000004,50000
        2.0783333333333336,41.29694444444444,0
      </coordinates>
    </LineString>
  </Placemark>
  <Placemark>
    <name>HBJYI</name>
    <description>Origen: LSGG -&gt; LEBL</description>
    <styleUrl>#schengen_line</styleUrl>
    <TimeSpan>
      <begin>2026-05-30T09:54:00Z</begin>
      <end>2026-05-30T23:59:59Z</end>
    </TimeSpan>
    <LineString>
      <altitudeMode>relativeToGround</altitudeMode>
      <coordinates>
        6.109444444444444,46.23833333333334,50000
        2.0783333333333336,41.29694444444444,0
      </coordinates>
    </LineString>
  </Placemark>
  <Placemark>
    <name>ECLQK</name>
    <description>Origen: LLBG -&gt; LEBL</description>
    <styleUrl>#schengen_line</styleUrl>
    <TimeSpan>
      <begin>2026-05-30T09:56:00Z</begin>
      <end>2026-05-30T23:59:59Z</end>
    </TimeSpan>
    <LineString>
      <altitudeMode>relativeToGround</altitudeMode>
      <coordinates>
        34.885555555555555,32.00944444444445,50000
        2.0783333333333336,41.29694444444444,0
      </coordinates>
    </LineString>
  </Placemark>
  <Placemark>
    <name>ECMBE</name>
    <description>Origen: LSZH -&gt; LEBL</description>
    <styleUrl>#schengen_line</styleUrl>
    <TimeSpan>
      <begin>2026-05-30T09:57:00Z</begin>
      <end>2026-05-30T23:59:59Z</end>
    </TimeSpan>
    <LineString>
      <altitudeMode>relativeToGround</altitudeMode>
      <coordinates>
        8.548055555555555,47.45805555555556,50000
        2.0783333333333336,41.29694444444444,0
      </coordinates>
    </LineString>
  </Placemark>
  <Placemark>
    <name>CNRGG</name>
    <description>Origen: GMMN -&gt; LEBL</description>
    <styleUrl>#schengen_line</styleUrl>
    <TimeSpan>
      <begin>2026-05-30T09:59:00Z</begin>
      <end>2026-05-30T23:59:59Z</end>
    </TimeSpan>
    <LineString>
      <altitudeMode>relativeToGround</altitudeMode>
      <coordinates>
        -7.581666666666666,33.36416666666667,50000
        2.0783333333333336,41.29694444444444,0
      </coordinates>
    </LineString>
  </Placemark>
  <Placemark>
    <name>ECMJR</name>
    <description>Origen: EGGW -&gt; LEBL</description>
    <styleUrl>#schengen_line</styleUrl>
    <TimeSpan>
      <begin>2026-05-30T10:01:00Z</begin>
      <end>2026-05-30T23:59:59Z</end>
    </TimeSpan>
    <LineString>
      <altitudeMode>relativeToGround</altitudeMode>
      <coordinates>
        -0.3683333333333333,51.874722222222225,50000
        2.0783333333333336,41.29694444444444,0
      </coordinates>
    </LineString>
  </Placemark>
  <Placemark>
    <name>TSIMV</name>
    <description>Origen: DTTA -&gt; LEBL</description>
    <styleUrl>#schengen_line</styleUrl>
    <TimeSpan>
      <begin>2026-05-30T10:03:00Z</begin>
      <end>2026-05-30T23:59:59Z</end>
    </TimeSpan>
    <LineString>
      <altitudeMode>relativeToGround</altitudeMode>
      <coordinates>
        10.226944444444445,36.85111111111111,50000
        2.0783333333333336,41.29694444444444,0
      </coordinates>
    </LineString>
  </Placemark>
  <Placemark>
    <name>ECLQL</name>
    <description>Origen: EDDM -&gt; LEBL</description>
    <styleUrl>#schengen_line</styleUrl>
    <TimeSpan>
      <begin>2026-05-30T10:04:00Z</begin>
      <end>2026-05-30T23:59:59Z</end>
    </TimeSpan>
    <LineString>
      <altitudeMode>relativeToGround</altitudeMode>
      <coordinates>
        11.786111111111111,48.35388888888889,50000
        2.0783333333333336,41.29694444444444,0
      </coordinates>
    </LineString>
  </Placemark>
  <Placemark>
    <name>FF333</name>
    <description>Origen: LFCK -&gt; LEBL</description>
    <styleUrl>#schengen_line</styleUrl>
    <TimeSpan>
      <begin>2026-05-30T10:07:00Z</begin>
      <end>2026-05-30T23:59:59Z</end>
    </TimeSpan>
    <LineString>
      <altitudeMode>relativeToGround</altitudeMode>
      <coordinates>
        2.2905555555555552,43.555,50000
        2.0783333333333336,41.29694444444444,0
      </coordinates>
    </LineString>
  </Placemark>
  <Placemark>
    <name>GGDFK</name>
    <description>Origen: EGNM -&gt; LEBL</description>
    <styleUrl>#schengen_line</styleUrl>
    <TimeSpan>
      <begin>2026-05-30T10:08:00Z</begin>
      <end>2026-05-30T23:59:59Z</end>
    </TimeSpan>
    <LineString>
      <altitudeMode>relativeToGround</altitudeMode>
      <coordinates>
        -1.6608333333333332,53.86611111111111,50000
        2.0783333333333336,41.29694444444444,0
      </coordinates>
    </LineString>
  </Placemark>
  <Placemark>
    <name>ECLRG</name>
    <description>Origen: EDDP -&gt; LEBL</description>
    <styleUrl>#schengen_line</styleUrl>
    <TimeSpan>
      <begin>2026-05-30T10:10:00Z</begin>
      <end>2026-05-30T23:59:59Z</end>
    </TimeSpan>
    <LineString>
      <altitudeMode>relativeToGround</altitudeMode>
      <coordinates>
        12.236388888888888,51.42388888888889,50000
        2.0783333333333336,41.29694444444444,0
      </coordinates>
    </LineString>
  </Placemark>
  <Placemark>
    <name>ECMBT</name>
    <description>Origen: LEPA -&gt; LEBL</description>
    <styleUrl>#schengen_line</styleUrl>
    <TimeSpan>
      <begin>2026-05-30T10:11:00Z</begin>
      <end>2026-05-30T23:59:59Z</end>
    </TimeSpan>
    <LineString>
      <altitudeMode>relativeToGround</altitudeMode>
      <coordinates>
        2.738888888888889,39.55166666666666,50000
        2.0783333333333336,41.29694444444444,0
      </coordinates>
    </LineString>
  </Placemark>
  <Placemark>
    <name>N803NW</name>
    <description>Origen: KJFK -&gt; LEBL</description>
    <styleUrl>#schengen_line</styleUrl>
    <TimeSpan>
      <begin>2026-05-30T10:13:00Z</begin>
      <end>2026-05-30T23:59:59Z</end>
    </TimeSpan>
    <LineString>
      <altitudeMode>relativeToGround</altitudeMode>
      <coordinates>
        -73.77833333333334,40.640277777777776,50000
        2.0783333333333336,41.29694444444444,0
      </coordinates>
    </LineString>
  </Placemark>
  <Placemark>
    <name>GEUYC</name>
    <description>Origen: EGLL -&gt; LEBL</description>
    <styleUrl>#schengen_line</styleUrl>
    <TimeSpan>
      <begin>2026-05-30T10:15:00Z</begin>
      <end>2026-05-30T23:59:59Z</end>
    </TimeSpan>
    <LineString>
      <altitudeMode>relativeToGround</altitudeMode>
      <coordinates>
        -0.4613888888888889,51.4775,50000
        2.0783333333333336,41.29694444444444,0
      </coordinates>
    </LineString>
  </Placemark>
  <Placemark>
    <name>N283AY</name>
    <description>Origen: KCLT -&gt; LEBL</description>
    <styleUrl>#schengen_line</styleUrl>
    <TimeSpan>
      <begin>2026-05-30T10:17:00Z</begin>
      <end>2026-05-30T23:59:59Z</end>
    </TimeSpan>
    <LineString>
      <altitudeMode>relativeToGround</altitudeMode>
      <coordinates>
        -80.95,35.21666666666667,50000
        2.0783333333333336,41.29694444444444,0
      </coordinates>
    </LineString>
  </Placemark>
  <Placemark>
    <name>ECMGF</name>
    <description>Origen: EDDF -&gt; LEBL</description>
    <styleUrl>#schengen_line</styleUrl>
    <TimeSpan>
      <begin>2026-05-30T10:20:00Z</begin>
      <end>2026-05-30T23:59:59Z</end>
    </TimeSpan>
    <LineString>
      <altitudeMode>relativeToGround</altitudeMode>
      <coordinates>
        8.570555555555556,50.03333333333333,50000
        2.0783333333333336,41.29694444444444,0
      </coordinates>
    </LineString>
  </Placemark>
  <Placemark>
    <name>ECMLD</name>
    <description>Origen: EHAM -&gt; LEBL</description>
    <styleUrl>#schengen_line</styleUrl>
    <TimeSpan>
      <begin>2026-05-30T10:21:00Z</begin>
      <end>2026-05-30T23:59:59Z</end>
    </TimeSpan>
    <LineString>
      <altitudeMode>relativeToGround</altitudeMode>
      <coordinates>
        4.764166666666667,52.308055555555555,50000
        2.0783333333333336,41.29694444444444,0
      </coordinates>
    </LineString>
  </Placemark>
  <Placemark>
    <name>EIIMU</name>
    <description>Origen: LIML -&gt; LEBL</description>
    <styleUrl>#schengen_line</styleUrl>
    <TimeSpan>
      <begin>2026-05-30T10:23:00Z</begin>
      <end>2026-05-30T23:59:59Z</end>
    </TimeSpan>
    <LineString>
      <altitudeMode>relativeToGround</altitudeMode>
      <coordinates>
        9.278333333333334,45.44944444444444,50000
        2.0783333333333336,41.29694444444444,0
      </coordinates>
    </LineString>
  </Placemark>
  <Placemark>
    <name>ECHUI</name>
    <description>Origen: LEMD -&gt; LEBL</description>
    <styleUrl>#schengen_line</styleUrl>
    <TimeSpan>
      <begin>2026-05-30T10:25:00Z</begin>
      <end>2026-05-30T23:59:59Z</end>
    </TimeSpan>
    <LineString>
      <altitudeMode>relativeToGround</altitudeMode>
      <coordinates>
        -3.560833333333333,40.47222222222222,50000
        2.0783333333333336,41.29694444444444,0
      </coordinates>
    </LineString>
  </Placemark>
  <Placemark>
    <name>ECLRN</name>
    <description>Origen: LFPG -&gt; LEBL</description>
    <styleUrl>#schengen_line</styleUrl>
    <TimeSpan>
      <begin>2026-05-30T10:26:00Z</begin>
      <end>2026-05-30T23:59:59Z</end>
    </TimeSpan>
    <LineString>
      <altitudeMode>relativeToGround</altitudeMode>
      <coordinates>
        2.5477777777777777,49.00972222222222,50000
        2.0783333333333336,41.29694444444444,0
      </coordinates>
    </LineString>
  </Placemark>
  <Placemark>
    <name>GEZWZ</name>
    <description>Origen: EGKK -&gt; LEBL</description>
    <styleUrl>#schengen_line</styleUrl>
    <TimeSpan>
      <begin>2026-05-30T10:28:00Z</begin>
      <end>2026-05-30T23:59:59Z</end>
    </TimeSpan>
    <LineString>
      <altitudeMode>relativeToGround</altitudeMode>
      <coordinates>
        -0.19027777777777777,51.14805555555556,50000
        2.0783333333333336,41.29694444444444,0
      </coordinates>
    </LineString>
  </Placemark>
  <Placemark>
    <name>CSTTV</name>
    <description>Origen: LPPT -&gt; LEBL</description>
    <styleUrl>#schengen_line</styleUrl>
    <TimeSpan>
      <begin>2026-05-30T10:29:00Z</begin>
      <end>2026-05-30T23:59:59Z</end>
    </TimeSpan>
    <LineString>
      <altitudeMode>relativeToGround</altitudeMode>
      <coordinates>
        -9.134166666666665,38.774166666666666,50000
        2.0783333333333336,41.29694444444444,0
      </coordinates>
    </LineString>
  </Placemark>
  <Placemark>
    <name>PHBXP</name>
    <description>Origen: EHAM -&gt; LEBL</description>
    <styleUrl>#schengen_line</styleUrl>
    <TimeSpan>
      <begin>2026-05-30T10:30:00Z</begin>
      <end>2026-05-30T23:59:59Z</end>
    </TimeSpan>
    <LineString>
      <altitudeMode>relativeToGround</altitudeMode>
      <coordinates>
        4.764166666666667,52.308055555555555,50000
        2.0783333333333336,41.29694444444444,0
      </coordinates>
    </LineString>
  </Placemark>
  <Placemark>
    <name>ECJGM</name>
    <description>Origen: LEBB -&gt; LEBL</description>
    <styleUrl>#schengen_line</styleUrl>
    <TimeSpan>
      <begin>2026-05-30T10:33:00Z</begin>
      <end>2026-05-30T23:59:59Z</end>
    </TimeSpan>
    <LineString>
      <altitudeMode>relativeToGround</altitudeMode>
      <coordinates>
        -2.9105555555555553,43.301111111111105,50000
        2.0783333333333336,41.29694444444444,0
      </coordinates>
    </LineString>
  </Placemark>
  <Placemark>
    <name>CFDAT</name>
    <description>Origen: CYUL -&gt; LEBL</description>
    <styleUrl>#schengen_line</styleUrl>
    <TimeSpan>
      <begin>2026-05-30T10:34:00Z</begin>
      <end>2026-05-30T23:59:59Z</end>
    </TimeSpan>
    <LineString>
      <altitudeMode>relativeToGround</altitudeMode>
      <coordinates>
        -73.74138888888889,45.46805555555556,50000
        2.0783333333333336,41.29694444444444,0
      </coordinates>
    </LineString>
  </Placemark>
  <Placemark>
    <name>EIDHG</name>
    <description>Origen: EDDH -&gt; LEBL</description>
    <styleUrl>#schengen_line</styleUrl>
    <TimeSpan>
      <begin>2026-05-30T10:36:00Z</begin>
      <end>2026-05-30T23:59:59Z</end>
    </TimeSpan>
    <LineString>
      <altitudeMode>relativeToGround</altitudeMode>
      <coordinates>
        9.988333333333333,53.63027777777778,50000
        2.0783333333333336,41.29694444444444,0
      </coordinates>
    </LineString>
  </Placemark>
  <Placemark>
    <name>EIFJP</name>
    <description>Origen: LEBB -&gt; LEBL</description>
    <styleUrl>#schengen_line</styleUrl>
    <TimeSpan>
      <begin>2026-05-30T10:38:00Z</begin>
      <end>2026-05-30T23:59:59Z</end>
    </TimeSpan>
    <LineString>
      <altitudeMode>relativeToGround</altitudeMode>
      <coordinates>
        -2.9105555555555553,43.301111111111105,50000
        2.0783333333333336,41.29694444444444,0
      </coordinates>
    </LineString>
  </Placemark>
  <Placemark>
    <name>ECHQI</name>
    <description>Origen: LIRF -&gt; LEBL</description>
    <styleUrl>#schengen_line</styleUrl>
    <TimeSpan>
      <begin>2026-05-30T10:39:00Z</begin>
      <end>2026-05-30T23:59:59Z</end>
    </TimeSpan>
    <LineString>
      <altitudeMode>relativeToGround</altitudeMode>
      <coordinates>
        12.238888888888889,41.80027777777777,50000
        2.0783333333333336,41.29694444444444,0
      </coordinates>
    </LineString>
  </Placemark>
  <Placemark>
    <name>CGTSW</name>
    <description>Origen: CYYZ -&gt; LEBL</description>
    <styleUrl>#schengen_line</styleUrl>
    <TimeSpan>
      <begin>2026-05-30T10:41:00Z</begin>
      <end>2026-05-30T23:59:59Z</end>
    </TimeSpan>
    <LineString>
      <altitudeMode>relativeToGround</altitudeMode>
      <coordinates>
        -79.63055555555555,43.67722222222222,50000
        2.0783333333333336,41.29694444444444,0
      </coordinates>
    </LineString>
  </Placemark>
  <Placemark>
    <name>ECLZO</name>
    <description>Origen: EGKK -&gt; LEBL</description>
    <styleUrl>#schengen_line</styleUrl>
    <TimeSpan>
      <begin>2026-05-30T10:42:00Z</begin>
      <end>2026-05-30T23:59:59Z</end>
    </TimeSpan>
    <LineString>
      <altitudeMode>relativeToGround</altitudeMode>
      <coordinates>
        -0.19027777777777777,51.14805555555556,50000
        2.0783333333333336,41.29694444444444,0
      </coordinates>
    </LineString>
  </Placemark>
  <Placemark>
    <name>N76062</name>
    <description>Origen: KIAD -&gt; LEBL</description>
    <styleUrl>#schengen_line</styleUrl>
    <TimeSpan>
      <begin>2026-05-30T10:43:00Z</begin>
      <end>2026-05-30T23:59:59Z</end>
    </TimeSpan>
    <LineString>
      <altitudeMode>relativeToGround</altitudeMode>
      <coordinates>
        -77.45666666666666,38.94499999999999,50000
        2.0783333333333336,41.29694444444444,0
      </coordinates>
    </LineString>
  </Placemark>
  <Placemark>
    <name>FA123</name>
    <description>Origen: LEBB -&gt; LEBL</description>
    <styleUrl>#schengen_line</styleUrl>
    <TimeSpan>
      <begin>2026-05-30T10:47:00Z</begin>
      <end>2026-05-30T23:59:59Z</end>
    </TimeSpan>
    <LineString>
      <altitudeMode>relativeToGround</altitudeMode>
      <coordinates>
        -2.9105555555555553,43.301111111111105,50000
        2.0783333333333336,41.29694444444444,0
      </coordinates>
    </LineString>
  </Placemark>
  <Placemark>
    <name>URPSS</name>
    <description>Origen: UKBB -&gt; LEBL</description>
    <styleUrl>#schengen_line</styleUrl>
    <TimeSpan>
      <begin>2026-05-30T10:48:00Z</begin>
      <end>2026-05-30T23:59:59Z</end>
    </TimeSpan>
    <LineString>
      <altitudeMode>relativeToGround</altitudeMode>
      <coordinates>
        30.893333333333334,50.344722222222224,50000
        2.0783333333333336,41.29694444444444,0
      </coordinates>
    </LineString>
  </Placemark>
  <Placemark>
    <name>4XELD</name>
    <description>Origen: LLBG -&gt; LEBL</description>
    <styleUrl>#schengen_line</styleUrl>
    <TimeSpan>
      <begin>2026-05-30T10:50:00Z</begin>
      <end>2026-05-30T23:59:59Z</end>
    </TimeSpan>
    <LineString>
      <altitudeMode>relativeToGround</altitudeMode>
      <coordinates>
        34.885555555555555,32.00944444444445,50000
        2.0783333333333336,41.29694444444444,0
      </coordinates>
    </LineString>
  </Placemark>
  <Placemark>
    <name>EIEBA</name>
    <description>Origen: EGNX -&gt; LEBL</description>
    <styleUrl>#schengen_line</styleUrl>
    <TimeSpan>
      <begin>2026-05-30T10:52:00Z</begin>
      <end>2026-05-30T23:59:59Z</end>
    </TimeSpan>
    <LineString>
      <altitudeMode>relativeToGround</altitudeMode>
      <coordinates>
        -1.3277777777777777,52.83111111111111,50000
        2.0783333333333336,41.29694444444444,0
      </coordinates>
    </LineString>
  </Placemark>
  <Placemark>
    <name>ECLZE</name>
    <description>Origen: LFQQ -&gt; LEBL</description>
    <styleUrl>#schengen_line</styleUrl>
    <TimeSpan>
      <begin>2026-05-30T10:54:00Z</begin>
      <end>2026-05-30T23:59:59Z</end>
    </TimeSpan>
    <LineString>
      <altitudeMode>relativeToGround</altitudeMode>
      <coordinates>
        3.0869444444444447,50.56333333333333,50000
        2.0783333333333336,41.29694444444444,0
      </coordinates>
    </LineString>
  </Placemark>
  <Placemark>
    <name>DAISW</name>
    <description>Origen: EDDF -&gt; LEBL</description>
    <styleUrl>#schengen_line</styleUrl>
    <TimeSpan>
      <begin>2026-05-30T10:55:00Z</begin>
      <end>2026-05-30T23:59:59Z</end>
    </TimeSpan>
    <LineString>
      <altitudeMode>relativeToGround</altitudeMode>
      <coordinates>
        8.570555555555556,50.03333333333333,50000
        2.0783333333333336,41.29694444444444,0
      </coordinates>
    </LineString>
  </Placemark>
  <Placemark>
    <name>PHXRX</name>
    <description>Origen: EHEH -&gt; LEBL</description>
    <styleUrl>#schengen_line</styleUrl>
    <TimeSpan>
      <begin>2026-05-30T10:56:00Z</begin>
      <end>2026-05-30T23:59:59Z</end>
    </TimeSpan>
    <LineString>
      <altitudeMode>relativeToGround</altitudeMode>
      <coordinates>
        5.374444444444444,51.45,50000
        2.0783333333333336,41.29694444444444,0
      </coordinates>
    </LineString>
  </Placemark>
  <Placemark>
    <name>TCJVM</name>
    <description>Origen: LTFJ -&gt; LEBL</description>
    <styleUrl>#schengen_line</styleUrl>
    <TimeSpan>
      <begin>2026-05-30T10:58:00Z</begin>
      <end>2026-05-30T23:59:59Z</end>
    </TimeSpan>
    <LineString>
      <altitudeMode>relativeToGround</altitudeMode>
      <coordinates>
        29.309166666666666,40.89833333333333,50000
        2.0783333333333336,41.29694444444444,0
      </coordinates>
    </LineString>
  </Placemark>
  <Placemark>
    <name>ECLVP</name>
    <description>Origen: LKPR -&gt; LEBL</description>
    <styleUrl>#schengen_line</styleUrl>
    <TimeSpan>
      <begin>2026-05-30T11:00:00Z</begin>
      <end>2026-05-30T23:59:59Z</end>
    </TimeSpan>
    <LineString>
      <altitudeMode>relativeToGround</altitudeMode>
      <coordinates>
        14.26,50.100833333333334,50000
        2.0783333333333336,41.29694444444444,0
      </coordinates>
    </LineString>
  </Placemark>
  <Placemark>
    <name>URPSO</name>
    <description>Origen: UKBB -&gt; LEBL</description>
    <styleUrl>#schengen_line</styleUrl>
    <TimeSpan>
      <begin>2026-05-30T11:02:00Z</begin>
      <end>2026-05-30T23:59:59Z</end>
    </TimeSpan>
    <LineString>
      <altitudeMode>relativeToGround</altitudeMode>
      <coordinates>
        30.893333333333334,50.344722222222224,50000
        2.0783333333333336,41.29694444444444,0
      </coordinates>
    </LineString>
  </Placemark>
  <Placemark>
    <name>ECLRM</name>
    <description>Origen: EGBB -&gt; LEBL</description>
    <styleUrl>#schengen_line</styleUrl>
    <TimeSpan>
      <begin>2026-05-30T11:04:00Z</begin>
      <end>2026-05-30T23:59:59Z</end>
    </TimeSpan>
    <LineString>
      <altitudeMode>relativeToGround</altitudeMode>
      <coordinates>
        -1.7480555555555557,52.45388888888889,50000
        2.0783333333333336,41.29694444444444,0
      </coordinates>
    </LineString>
  </Placemark>
  <Placemark>
    <name>ECLML</name>
    <description>Origen: LEMH -&gt; LEBL</description>
    <styleUrl>#schengen_line</styleUrl>
    <TimeSpan>
      <begin>2026-05-30T11:06:00Z</begin>
      <end>2026-05-30T23:59:59Z</end>
    </TimeSpan>
    <LineString>
      <altitudeMode>relativeToGround</altitudeMode>
      <coordinates>
        4.2186111111111115,39.862500000000004,50000
        2.0783333333333336,41.29694444444444,0
      </coordinates>
    </LineString>
  </Placemark>
  <Placemark>
    <name>ECMEQ</name>
    <description>Origen: LEIB -&gt; LEBL</description>
    <styleUrl>#schengen_line</styleUrl>
    <TimeSpan>
      <begin>2026-05-30T11:08:00Z</begin>
      <end>2026-05-30T23:59:59Z</end>
    </TimeSpan>
    <LineString>
      <altitudeMode>relativeToGround</altitudeMode>
      <coordinates>
        1.3730555555555557,38.87277777777778,50000
        2.0783333333333336,41.29694444444444,0
      </coordinates>
    </LineString>
  </Placemark>
  <Placemark>
    <name>A7AEC</name>
    <description>Origen: OTHH -&gt; LEBL</description>
    <styleUrl>#schengen_line</styleUrl>
    <TimeSpan>
      <begin>2026-05-30T11:11:00Z</begin>
      <end>2026-05-30T23:59:59Z</end>
    </TimeSpan>
    <LineString>
      <altitudeMode>relativeToGround</altitudeMode>
      <coordinates>
        51.608333333333334,25.274444444444445,50000
        2.0783333333333336,41.29694444444444,0
      </coordinates>
    </LineString>
  </Placemark>
  <Placemark>
    <name>LNDYB</name>
    <description>Origen: ESGG -&gt; LEBL</description>
    <styleUrl>#schengen_line</styleUrl>
    <TimeSpan>
      <begin>2026-05-30T11:13:00Z</begin>
      <end>2026-05-30T23:59:59Z</end>
    </TimeSpan>
    <LineString>
      <altitudeMode>relativeToGround</altitudeMode>
      <coordinates>
        12.29111111111111,57.66,50000
        2.0783333333333336,41.29694444444444,0
      </coordinates>
    </LineString>
  </Placemark>
  <Placemark>
    <name>A6EOP</name>
    <description>Origen: OMDB -&gt; LEBL</description>
    <styleUrl>#schengen_line</styleUrl>
    <TimeSpan>
      <begin>2026-05-30T11:15:00Z</begin>
      <end>2026-05-30T23:59:59Z</end>
    </TimeSpan>
    <LineString>
      <altitudeMode>relativeToGround</altitudeMode>
      <coordinates>
        55.36,25.249166666666667,50000
        2.0783333333333336,41.29694444444444,0
      </coordinates>
    </LineString>
  </Placemark>
  <Placemark>
    <name>DAKNQ</name>
    <description>Origen: EDDT -&gt; LEBL</description>
    <styleUrl>#schengen_line</styleUrl>
    <TimeSpan>
      <begin>2026-05-30T11:21:00Z</begin>
      <end>2026-05-30T23:59:59Z</end>
    </TimeSpan>
    <LineString>
      <altitudeMode>relativeToGround</altitudeMode>
      <coordinates>
        13.287777777777778,52.55972222222222,50000
        2.0783333333333336,41.29694444444444,0
      </coordinates>
    </LineString>
  </Placemark>
  <Placemark>
    <name>DAGWE</name>
    <description>Origen: EDDH -&gt; LEBL</description>
    <styleUrl>#schengen_line</styleUrl>
    <TimeSpan>
      <begin>2026-05-30T11:23:00Z</begin>
      <end>2026-05-30T23:59:59Z</end>
    </TimeSpan>
    <LineString>
      <altitudeMode>relativeToGround</altitudeMode>
      <coordinates>
        9.988333333333333,53.63027777777778,50000
        2.0783333333333336,41.29694444444444,0
      </coordinates>
    </LineString>
  </Placemark>
  <Placemark>
    <name>DCARO</name>
    <description>Origen: LEVC -&gt; LEBL</description>
    <styleUrl>#schengen_line</styleUrl>
    <TimeSpan>
      <begin>2026-05-30T11:36:00Z</begin>
      <end>2026-05-30T23:59:59Z</end>
    </TimeSpan>
    <LineString>
      <altitudeMode>relativeToGround</altitudeMode>
      <coordinates>
        -0.4816666666666667,39.489444444444445,50000
        2.0783333333333336,41.29694444444444,0
      </coordinates>
    </LineString>
  </Placemark>
  <Placemark>
    <name>OKNEN</name>
    <description>Origen: LKPR -&gt; LEBL</description>
    <styleUrl>#schengen_line</styleUrl>
    <TimeSpan>
      <begin>2026-05-30T11:39:00Z</begin>
      <end>2026-05-30T23:59:59Z</end>
    </TimeSpan>
    <LineString>
      <altitudeMode>relativeToGround</altitudeMode>
      <coordinates>
        14.26,50.100833333333334,50000
        2.0783333333333336,41.29694444444444,0
      </coordinates>
    </LineString>
  </Placemark>
  <Placemark>
    <name>LXLQB</name>
    <description>Origen: ELLX -&gt; LEBL</description>
    <styleUrl>#schengen_line</styleUrl>
    <TimeSpan>
      <begin>2026-05-30T11:42:00Z</begin>
      <end>2026-05-30T23:59:59Z</end>
    </TimeSpan>
    <LineString>
      <altitudeMode>relativeToGround</altitudeMode>
      <coordinates>
        6.204444444444444,49.623333333333335,50000
        2.0783333333333336,41.29694444444444,0
      </coordinates>
    </LineString>
  </Placemark>
  <Placemark>
    <name>EIENL</name>
    <description>Origen: GMMX -&gt; LEBL</description>
    <styleUrl>#schengen_line</styleUrl>
    <TimeSpan>
      <begin>2026-05-30T11:43:00Z</begin>
      <end>2026-05-30T23:59:59Z</end>
    </TimeSpan>
    <LineString>
      <altitudeMode>relativeToGround</altitudeMode>
      <coordinates>
        -8.040833333333333,31.608611111111113,50000
        2.0783333333333336,41.29694444444444,0
      </coordinates>
    </LineString>
  </Placemark>
  <Placemark>
    <name>TCJHZ</name>
    <description>Origen: LTBA -&gt; LEBL</description>
    <styleUrl>#schengen_line</styleUrl>
    <TimeSpan>
      <begin>2026-05-30T11:46:00Z</begin>
      <end>2026-05-30T23:59:59Z</end>
    </TimeSpan>
    <LineString>
      <altitudeMode>relativeToGround</altitudeMode>
      <coordinates>
        28.81416666666667,40.976111111111116,50000
        2.0783333333333336,41.29694444444444,0
      </coordinates>
    </LineString>
  </Placemark>
  <Placemark>
    <name>EIFRH</name>
    <description>Origen: LEPA -&gt; LEBL</description>
    <styleUrl>#schengen_line</styleUrl>
    <TimeSpan>
      <begin>2026-05-30T11:48:00Z</begin>
      <end>2026-05-30T23:59:59Z</end>
    </TimeSpan>
    <LineString>
      <altitudeMode>relativeToGround</altitudeMode>
      <coordinates>
        2.738888888888889,39.55166666666666,50000
        2.0783333333333336,41.29694444444444,0
      </coordinates>
    </LineString>
  </Placemark>
  <Placemark>
    <name>GEZUM</name>
    <description>Origen: LFMN -&gt; LEBL</description>
    <styleUrl>#schengen_line</styleUrl>
    <TimeSpan>
      <begin>2026-05-30T11:50:00Z</begin>
      <end>2026-05-30T23:59:59Z</end>
    </TimeSpan>
    <LineString>
      <altitudeMode>relativeToGround</altitudeMode>
      <coordinates>
        7.215,43.665277777777774,50000
        2.0783333333333336,41.29694444444444,0
      </coordinates>
    </LineString>
  </Placemark>
  <Placemark>
    <name>CSTTK</name>
    <description>Origen: LPPT -&gt; LEBL</description>
    <styleUrl>#schengen_line</styleUrl>
    <TimeSpan>
      <begin>2026-05-30T11:52:00Z</begin>
      <end>2026-05-30T23:59:59Z</end>
    </TimeSpan>
    <LineString>
      <altitudeMode>relativeToGround</altitudeMode>
      <coordinates>
        -9.134166666666665,38.774166666666666,50000
        2.0783333333333336,41.29694444444444,0
      </coordinates>
    </LineString>
  </Placemark>
  <Placemark>
    <name>EIDHT</name>
    <description>Origen: EYVI -&gt; LEBL</description>
    <styleUrl>#schengen_line</styleUrl>
    <TimeSpan>
      <begin>2026-05-30T11:56:00Z</begin>
      <end>2026-05-30T23:59:59Z</end>
    </TimeSpan>
    <LineString>
      <altitudeMode>relativeToGround</altitudeMode>
      <coordinates>
        25.28777777777778,54.636944444444445,50000
        2.0783333333333336,41.29694444444444,0
      </coordinates>
    </LineString>
  </Placemark>
  <Placemark>
    <name>TCCPG</name>
    <description>Origen: LTFJ -&gt; LEBL</description>
    <styleUrl>#schengen_line</styleUrl>
    <TimeSpan>
      <begin>2026-05-30T11:59:00Z</begin>
      <end>2026-05-30T23:59:59Z</end>
    </TimeSpan>
    <LineString>
      <altitudeMode>relativeToGround</altitudeMode>
      <coordinates>
        29.309166666666666,40.89833333333333,50000
        2.0783333333333336,41.29694444444444,0
      </coordinates>
    </LineString>
  </Placemark>
  <Placemark>
    <name>ECLZF</name>
    <description>Origen: LEAM -&gt; LEBL</description>
    <styleUrl>#schengen_line</styleUrl>
    <TimeSpan>
      <begin>2026-05-30T12:02:00Z</begin>
      <end>2026-05-30T23:59:59Z</end>
    </TimeSpan>
    <LineString>
      <altitudeMode>relativeToGround</altitudeMode>
      <coordinates>
        -2.37,36.84388888888889,50000
        2.0783333333333336,41.29694444444444,0
      </coordinates>
    </LineString>
  </Placemark>
  <Placemark>
    <name>ECIXD</name>
    <description>Origen: LEMD -&gt; LEBL</description>
    <styleUrl>#schengen_line</styleUrl>
    <TimeSpan>
      <begin>2026-05-30T12:08:00Z</begin>
      <end>2026-05-30T23:59:59Z</end>
    </TimeSpan>
    <LineString>
      <altitudeMode>relativeToGround</altitudeMode>
      <coordinates>
        -3.560833333333333,40.47222222222222,50000
        2.0783333333333336,41.29694444444444,0
      </coordinates>
    </LineString>
  </Placemark>
  <Placemark>
    <name>ECMHA</name>
    <description>Origen: LIMC -&gt; LEBL</description>
    <styleUrl>#schengen_line</styleUrl>
    <TimeSpan>
      <begin>2026-05-30T12:10:00Z</begin>
      <end>2026-05-30T23:59:59Z</end>
    </TimeSpan>
    <LineString>
      <altitudeMode>relativeToGround</altitudeMode>
      <coordinates>
        8.723055555555556,45.63,50000
        2.0783333333333336,41.29694444444444,0
      </coordinates>
    </LineString>
  </Placemark>
  <Placemark>
    <name>SUGCE</name>
    <description>Origen: HECA -&gt; LEBL</description>
    <styleUrl>#schengen_line</styleUrl>
    <TimeSpan>
      <begin>2026-05-30T12:11:00Z</begin>
      <end>2026-05-30T23:59:59Z</end>
    </TimeSpan>
    <LineString>
      <altitudeMode>relativeToGround</altitudeMode>
      <coordinates>
        31.413888888888888,30.11138888888889,50000
        2.0783333333333336,41.29694444444444,0
      </coordinates>
    </LineString>
  </Placemark>
  <Placemark>
    <name>SXABE</name>
    <description>Origen: LFRN -&gt; LEBL</description>
    <styleUrl>#schengen_line</styleUrl>
    <TimeSpan>
      <begin>2026-05-30T12:14:00Z</begin>
      <end>2026-05-30T23:59:59Z</end>
    </TimeSpan>
    <LineString>
      <altitudeMode>relativeToGround</altitudeMode>
      <coordinates>
        -1.7322222222222223,48.07194444444445,50000
        2.0783333333333336,41.29694444444444,0
      </coordinates>
    </LineString>
  </Placemark>
  <Placemark>
    <name>HBIOM</name>
    <description>Origen: LSZH -&gt; LEBL</description>
    <styleUrl>#schengen_line</styleUrl>
    <TimeSpan>
      <begin>2026-05-30T12:18:00Z</begin>
      <end>2026-05-30T23:59:59Z</end>
    </TimeSpan>
    <LineString>
      <altitudeMode>relativeToGround</altitudeMode>
      <coordinates>
        8.548055555555555,47.45805555555556,50000
        2.0783333333333336,41.29694444444444,0
      </coordinates>
    </LineString>
  </Placemark>
  <Placemark>
    <name>GEUUY</name>
    <description>Origen: EGLL -&gt; LEBL</description>
    <styleUrl>#schengen_line</styleUrl>
    <TimeSpan>
      <begin>2026-05-30T12:21:00Z</begin>
      <end>2026-05-30T23:59:59Z</end>
    </TimeSpan>
    <LineString>
      <altitudeMode>relativeToGround</altitudeMode>
      <coordinates>
        -0.4613888888888889,51.4775,50000
        2.0783333333333336,41.29694444444444,0
      </coordinates>
    </LineString>
  </Placemark>
  <Placemark>
    <name>ECMEA</name>
    <description>Origen: GMFF -&gt; LEBL</description>
    <styleUrl>#schengen_line</styleUrl>
    <TimeSpan>
      <begin>2026-05-30T12:29:00Z</begin>
      <end>2026-05-30T23:59:59Z</end>
    </TimeSpan>
    <LineString>
      <altitudeMode>relativeToGround</altitudeMode>
      <coordinates>
        -4.977777777777778,33.92722222222222,50000
        2.0783333333333336,41.29694444444444,0
      </coordinates>
    </LineString>
  </Placemark>
  <Placemark>
    <name>ECLTG</name>
    <description>Origen: ETNL -&gt; LEBL</description>
    <styleUrl>#schengen_line</styleUrl>
    <TimeSpan>
      <begin>2026-05-30T12:32:00Z</begin>
      <end>2026-05-30T23:59:59Z</end>
    </TimeSpan>
    <LineString>
      <altitudeMode>relativeToGround</altitudeMode>
      <coordinates>
        12.278333333333334,53.91916666666666,50000
        2.0783333333333336,41.29694444444444,0
      </coordinates>
    </LineString>
  </Placemark>
  <Placemark>
    <name>DAIRA</name>
    <description>Origen: EDDM -&gt; LEBL</description>
    <styleUrl>#schengen_line</styleUrl>
    <TimeSpan>
      <begin>2026-05-30T12:38:00Z</begin>
      <end>2026-05-30T23:59:59Z</end>
    </TimeSpan>
    <LineString>
      <altitudeMode>relativeToGround</altitudeMode>
      <coordinates>
        11.786111111111111,48.35388888888889,50000
        2.0783333333333336,41.29694444444444,0
      </coordinates>
    </LineString>
  </Placemark>
  <Placemark>
    <name>ECJYX</name>
    <description>Origen: EHAM -&gt; LEBL</description>
    <styleUrl>#schengen_line</styleUrl>
    <TimeSpan>
      <begin>2026-05-30T12:41:00Z</begin>
      <end>2026-05-30T23:59:59Z</end>
    </TimeSpan>
    <LineString>
      <altitudeMode>relativeToGround</altitudeMode>
      <coordinates>
        4.764166666666667,52.308055555555555,50000
        2.0783333333333336,41.29694444444444,0
      </coordinates>
    </LineString>
  </Placemark>
  <Placemark>
    <name>ECLUN</name>
    <description>Origen: LIMF -&gt; LEBL</description>
    <styleUrl>#schengen_line</styleUrl>
    <TimeSpan>
      <begin>2026-05-30T12:43:00Z</begin>
      <end>2026-05-30T23:59:59Z</end>
    </TimeSpan>
    <LineString>
      <altitudeMode>relativeToGround</altitudeMode>
      <coordinates>
        7.649444444444444,45.2025,50000
        2.0783333333333336,41.29694444444444,0
      </coordinates>
    </LineString>
  </Placemark>
  <Placemark>
    <name>GEZPL</name>
    <description>Origen: EGKK -&gt; LEBL</description>
    <styleUrl>#schengen_line</styleUrl>
    <TimeSpan>
      <begin>2026-05-30T12:44:00Z</begin>
      <end>2026-05-30T23:59:59Z</end>
    </TimeSpan>
    <LineString>
      <altitudeMode>relativeToGround</altitudeMode>
      <coordinates>
        -0.19027777777777777,51.14805555555556,50000
        2.0783333333333336,41.29694444444444,0
      </coordinates>
    </LineString>
  </Placemark>
  <Placemark>
    <name>EIFJN</name>
    <description>Origen: EDDB -&gt; LEBL</description>
    <styleUrl>#schengen_line</styleUrl>
    <TimeSpan>
      <begin>2026-05-30T12:46:00Z</begin>
      <end>2026-05-30T23:59:59Z</end>
    </TimeSpan>
    <LineString>
      <altitudeMode>relativeToGround</altitudeMode>
      <coordinates>
        13.500555555555556,52.36222222222222,50000
        2.0783333333333336,41.29694444444444,0
      </coordinates>
    </LineString>
  </Placemark>
  <Placemark>
    <name>PHXRD</name>
    <description>Origen: EHAM -&gt; LEBL</description>
    <styleUrl>#schengen_line</styleUrl>
    <TimeSpan>
      <begin>2026-05-30T12:48:00Z</begin>
      <end>2026-05-30T23:59:59Z</end>
    </TimeSpan>
    <LineString>
      <altitudeMode>relativeToGround</altitudeMode>
      <coordinates>
        4.764166666666667,52.308055555555555,50000
        2.0783333333333336,41.29694444444444,0
      </coordinates>
    </LineString>
  </Placemark>
  <Placemark>
    <name>ECLXV</name>
    <description>Origen: LEPA -&gt; LEBL</description>
    <styleUrl>#schengen_line</styleUrl>
    <TimeSpan>
      <begin>2026-05-30T12:50:00Z</begin>
      <end>2026-05-30T23:59:59Z</end>
    </TimeSpan>
    <LineString>
      <altitudeMode>relativeToGround</altitudeMode>
      <coordinates>
        2.738888888888889,39.55166666666666,50000
        2.0783333333333336,41.29694444444444,0
      </coordinates>
    </LineString>
  </Placemark>
  <Placemark>
    <name>ECLOB</name>
    <description>Origen: LEMG -&gt; LEBL</description>
    <styleUrl>#schengen_line</styleUrl>
    <TimeSpan>
      <begin>2026-05-30T12:54:00Z</begin>
      <end>2026-05-30T23:59:59Z</end>
    </TimeSpan>
    <LineString>
      <altitudeMode>relativeToGround</altitudeMode>
      <coordinates>
        -4.4991666666666665,36.675,50000
        2.0783333333333336,41.29694444444444,0
      </coordinates>
    </LineString>
  </Placemark>
  <Placemark>
    <name>ECMGE</name>
    <description>Origen: LEBB -&gt; LEBL</description>
    <styleUrl>#schengen_line</styleUrl>
    <TimeSpan>
      <begin>2026-05-30T12:56:00Z</begin>
      <end>2026-05-30T23:59:59Z</end>
    </TimeSpan>
    <LineString>
      <altitudeMode>relativeToGround</altitudeMode>
      <coordinates>
        -2.9105555555555553,43.301111111111105,50000
        2.0783333333333336,41.29694444444444,0
      </coordinates>
    </LineString>
  </Placemark>
  <Placemark>
    <name>OOSSW</name>
    <description>Origen: EBBR -&gt; LEBL</description>
    <styleUrl>#schengen_line</styleUrl>
    <TimeSpan>
      <begin>2026-05-30T12:58:00Z</begin>
      <end>2026-05-30T23:59:59Z</end>
    </TimeSpan>
    <LineString>
      <altitudeMode>relativeToGround</altitudeMode>
      <coordinates>
        4.484444444444445,50.90138888888889,50000
        2.0783333333333336,41.29694444444444,0
      </coordinates>
    </LineString>
  </Placemark>
  <Placemark>
    <name>GEUYB</name>
    <description>Origen: EGKK -&gt; LEBL</description>
    <styleUrl>#schengen_line</styleUrl>
    <TimeSpan>
      <begin>2026-05-30T13:00:00Z</begin>
      <end>2026-05-30T23:59:59Z</end>
    </TimeSpan>
    <LineString>
      <altitudeMode>relativeToGround</altitudeMode>
      <coordinates>
        -0.19027777777777777,51.14805555555556,50000
        2.0783333333333336,41.29694444444444,0
      </coordinates>
    </LineString>
  </Placemark>
  <Placemark>
    <name>DAISE</name>
    <description>Origen: EDDF -&gt; LEBL</description>
    <styleUrl>#schengen_line</styleUrl>
    <TimeSpan>
      <begin>2026-05-30T13:04:00Z</begin>
      <end>2026-05-30T23:59:59Z</end>
    </TimeSpan>
    <LineString>
      <altitudeMode>relativeToGround</altitudeMode>
      <coordinates>
        8.570555555555556,50.03333333333333,50000
        2.0783333333333336,41.29694444444444,0
      </coordinates>
    </LineString>
  </Placemark>
  <Placemark>
    <name>N969AV</name>
    <description>Origen: SKBO -&gt; LEBL</description>
    <styleUrl>#schengen_line</styleUrl>
    <TimeSpan>
      <begin>2026-05-30T13:07:00Z</begin>
      <end>2026-05-30T23:59:59Z</end>
    </TimeSpan>
    <LineString>
      <altitudeMode>relativeToGround</altitudeMode>
      <coordinates>
        -74.15,4.7,50000
        2.0783333333333336,41.29694444444444,0
      </coordinates>
    </LineString>
  </Placemark>
  <Placemark>
    <name>A6AIN</name>
    <description>Origen: EGLL -&gt; LEBL</description>
    <styleUrl>#schengen_line</styleUrl>
    <TimeSpan>
      <begin>2026-05-30T13:09:00Z</begin>
      <end>2026-05-30T23:59:59Z</end>
    </TimeSpan>
    <LineString>
      <altitudeMode>relativeToGround</altitudeMode>
      <coordinates>
        -0.4613888888888889,51.4775,50000
        2.0783333333333336,41.29694444444444,0
      </coordinates>
    </LineString>
  </Placemark>
  <Placemark>
    <name>EIFIY</name>
    <description>Origen: LIRF -&gt; LEBL</description>
    <styleUrl>#schengen_line</styleUrl>
    <TimeSpan>
      <begin>2026-05-30T13:11:00Z</begin>
      <end>2026-05-30T23:59:59Z</end>
    </TimeSpan>
    <LineString>
      <altitudeMode>relativeToGround</altitudeMode>
      <coordinates>
        12.238888888888889,41.80027777777777,50000
        2.0783333333333336,41.29694444444444,0
      </coordinates>
    </LineString>
  </Placemark>
  <Placemark>
    <name>ECHUH</name>
    <description>Origen: LEMD -&gt; LEBL</description>
    <styleUrl>#schengen_line</styleUrl>
    <TimeSpan>
      <begin>2026-05-30T13:13:00Z</begin>
      <end>2026-05-30T23:59:59Z</end>
    </TimeSpan>
    <LineString>
      <altitudeMode>relativeToGround</altitudeMode>
      <coordinates>
        -3.560833333333333,40.47222222222222,50000
        2.0783333333333336,41.29694444444444,0
      </coordinates>
    </LineString>
  </Placemark>
  <Placemark>
    <name>ECHOB</name>
    <description>Origen: LYTV -&gt; LEBL</description>
    <styleUrl>#schengen_line</styleUrl>
    <TimeSpan>
      <begin>2026-05-30T13:18:00Z</begin>
      <end>2026-05-30T23:59:59Z</end>
    </TimeSpan>
    <LineString>
      <altitudeMode>relativeToGround</altitudeMode>
      <coordinates>
        18.723333333333333,42.40472222222222,50000
        2.0783333333333336,41.29694444444444,0
      </coordinates>
    </LineString>
  </Placemark>
  <Placemark>
    <name>EIDAE</name>
    <description>Origen: LIMF -&gt; LEBL</description>
    <styleUrl>#schengen_line</styleUrl>
    <TimeSpan>
      <begin>2026-05-30T13:21:00Z</begin>
      <end>2026-05-30T23:59:59Z</end>
    </TimeSpan>
    <LineString>
      <altitudeMode>relativeToGround</altitudeMode>
      <coordinates>
        7.649444444444444,45.2025,50000
        2.0783333333333336,41.29694444444444,0
      </coordinates>
    </LineString>
  </Placemark>
  <Placemark>
    <name>ECLRY</name>
    <description>Origen: LFPO -&gt; LEBL</description>
    <styleUrl>#schengen_line</styleUrl>
    <TimeSpan>
      <begin>2026-05-30T13:25:00Z</begin>
      <end>2026-05-30T23:59:59Z</end>
    </TimeSpan>
    <LineString>
      <altitudeMode>relativeToGround</altitudeMode>
      <coordinates>
        2.3794444444444447,48.723333333333336,50000
        2.0783333333333336,41.29694444444444,0
      </coordinates>
    </LineString>
  </Placemark>
  <Placemark>
    <name>EIENO</name>
    <description>Origen: LEMG -&gt; LEBL</description>
    <styleUrl>#schengen_line</styleUrl>
    <TimeSpan>
      <begin>2026-05-30T13:27:00Z</begin>
      <end>2026-05-30T23:59:59Z</end>
    </TimeSpan>
    <LineString>
      <altitudeMode>relativeToGround</altitudeMode>
      <coordinates>
        -4.4991666666666665,36.675,50000
        2.0783333333333336,41.29694444444444,0
      </coordinates>
    </LineString>
  </Placemark>
  <Placemark>
    <name>EIDWK</name>
    <description>Origen: LIPH -&gt; LEBL</description>
    <styleUrl>#schengen_line</styleUrl>
    <TimeSpan>
      <begin>2026-05-30T13:28:00Z</begin>
      <end>2026-05-30T23:59:59Z</end>
    </TimeSpan>
    <LineString>
      <altitudeMode>relativeToGround</altitudeMode>
      <coordinates>
        12.197777777777778,45.65083333333333,50000
        2.0783333333333336,41.29694444444444,0
      </coordinates>
    </LineString>
  </Placemark>
  <Placemark>
    <name>ECJTR</name>
    <description>Origen: LFSB -&gt; LEBL</description>
    <styleUrl>#schengen_line</styleUrl>
    <TimeSpan>
      <begin>2026-05-30T13:30:00Z</begin>
      <end>2026-05-30T23:59:59Z</end>
    </TimeSpan>
    <LineString>
      <altitudeMode>relativeToGround</altitudeMode>
      <coordinates>
        7.529166666666667,47.59,50000
        2.0783333333333336,41.29694444444444,0
      </coordinates>
    </LineString>
  </Placemark>
  <Placemark>
    <name>ECMGF</name>
    <description>Origen: LEMH -&gt; LEBL</description>
    <styleUrl>#schengen_line</styleUrl>
    <TimeSpan>
      <begin>2026-05-30T13:32:00Z</begin>
      <end>2026-05-30T23:59:59Z</end>
    </TimeSpan>
    <LineString>
      <altitudeMode>relativeToGround</altitudeMode>
      <coordinates>
        4.2186111111111115,39.862500000000004,50000
        2.0783333333333336,41.29694444444444,0
      </coordinates>
    </LineString>
  </Placemark>
  <Placemark>
    <name>EIFJL</name>
    <description>Origen: ENBR -&gt; LEBL</description>
    <styleUrl>#schengen_line</styleUrl>
    <TimeSpan>
      <begin>2026-05-30T13:34:00Z</begin>
      <end>2026-05-30T23:59:59Z</end>
    </TimeSpan>
    <LineString>
      <altitudeMode>relativeToGround</altitudeMode>
      <coordinates>
        5.218055555555556,60.29361111111111,50000
        2.0783333333333336,41.29694444444444,0
      </coordinates>
    </LineString>
  </Placemark>
  <Placemark>
    <name>ECLST</name>
    <description>Origen: LEMH -&gt; LEBL</description>
    <styleUrl>#schengen_line</styleUrl>
    <TimeSpan>
      <begin>2026-05-30T13:36:00Z</begin>
      <end>2026-05-30T23:59:59Z</end>
    </TimeSpan>
    <LineString>
      <altitudeMode>relativeToGround</altitudeMode>
      <coordinates>
        4.2186111111111115,39.862500000000004,50000
        2.0783333333333336,41.29694444444444,0
      </coordinates>
    </LineString>
  </Placemark>
  <Placemark>
    <name>EK111</name>
    <description>Origen: LSZG -&gt; LEBL</description>
    <styleUrl>#schengen_line</styleUrl>
    <TimeSpan>
      <begin>2026-05-30T13:38:00Z</begin>
      <end>2026-05-30T23:59:59Z</end>
    </TimeSpan>
    <LineString>
      <altitudeMode>relativeToGround</altitudeMode>
      <coordinates>
        7.416388888888889,47.18138888888889,50000
        2.0783333333333336,41.29694444444444,0
      </coordinates>
    </LineString>
  </Placemark>
  <Placemark>
    <name>ECMGY</name>
    <description>Origen: EPWA -&gt; LEBL</description>
    <styleUrl>#schengen_line</styleUrl>
    <TimeSpan>
      <begin>2026-05-30T13:39:00Z</begin>
      <end>2026-05-30T23:59:59Z</end>
    </TimeSpan>
    <LineString>
      <altitudeMode>relativeToGround</altitudeMode>
      <coordinates>
        20.96722222222222,52.16583333333333,50000
        2.0783333333333336,41.29694444444444,0
      </coordinates>
    </LineString>
  </Placemark>
  <Placemark>
    <name>EIDAM</name>
    <description>Origen: EGSS -&gt; LEBL</description>
    <styleUrl>#schengen_line</styleUrl>
    <TimeSpan>
      <begin>2026-05-30T13:41:00Z</begin>
      <end>2026-05-30T23:59:59Z</end>
    </TimeSpan>
    <LineString>
      <altitudeMode>relativeToGround</altitudeMode>
      <coordinates>
        0.23500000000000001,51.885,50000
        2.0783333333333336,41.29694444444444,0
      </coordinates>
    </LineString>
  </Placemark>
  <Placemark>
    <name>EIFJM</name>
    <description>Origen: ESSA -&gt; LEBL</description>
    <styleUrl>#schengen_line</styleUrl>
    <TimeSpan>
      <begin>2026-05-30T13:45:00Z</begin>
      <end>2026-05-30T23:59:59Z</end>
    </TimeSpan>
    <LineString>
      <altitudeMode>relativeToGround</altitudeMode>
      <coordinates>
        17.91861111111111,59.651944444444446,50000
        2.0783333333333336,41.29694444444444,0
      </coordinates>
    </LineString>
  </Placemark>
  <Placemark>
    <name>DAISR</name>
    <description>Origen: EDDF -&gt; LEBL</description>
    <styleUrl>#schengen_line</styleUrl>
    <TimeSpan>
      <begin>2026-05-30T13:53:00Z</begin>
      <end>2026-05-30T23:59:59Z</end>
    </TimeSpan>
    <LineString>
      <altitudeMode>relativeToGround</altitudeMode>
      <coordinates>
        8.570555555555556,50.03333333333333,50000
        2.0783333333333336,41.29694444444444,0
      </coordinates>
    </LineString>
  </Placemark>
  <Placemark>
    <name>CSTTN</name>
    <description>Origen: LPPT -&gt; LEBL</description>
    <styleUrl>#schengen_line</styleUrl>
    <TimeSpan>
      <begin>2026-05-30T13:55:00Z</begin>
      <end>2026-05-30T23:59:59Z</end>
    </TimeSpan>
    <LineString>
      <altitudeMode>relativeToGround</altitudeMode>
      <coordinates>
        -9.134166666666665,38.774166666666666,50000
        2.0783333333333336,41.29694444444444,0
      </coordinates>
    </LineString>
  </Placemark>
  <Placemark>
    <name>EIDCJ</name>
    <description>Origen: LIME -&gt; LEBL</description>
    <styleUrl>#schengen_line</styleUrl>
    <TimeSpan>
      <begin>2026-05-30T13:57:00Z</begin>
      <end>2026-05-30T23:59:59Z</end>
    </TimeSpan>
    <LineString>
      <altitudeMode>relativeToGround</altitudeMode>
      <coordinates>
        9.700277777777776,45.66888888888889,50000
        2.0783333333333336,41.29694444444444,0
      </coordinates>
    </LineString>
  </Placemark>
  <Placemark>
    <name>OYRUP</name>
    <description>Origen: GCXO -&gt; LEBL</description>
    <styleUrl>#schengen_line</styleUrl>
    <TimeSpan>
      <begin>2026-05-30T13:59:00Z</begin>
      <end>2026-05-30T23:59:59Z</end>
    </TimeSpan>
    <LineString>
      <altitudeMode>relativeToGround</altitudeMode>
      <coordinates>
        -16.341666666666665,28.482777777777777,50000
        2.0783333333333336,41.29694444444444,0
      </coordinates>
    </LineString>
  </Placemark>
  <Placemark>
    <name>ECIVJ</name>
    <description>Origen: LEIB -&gt; LEBL</description>
    <styleUrl>#schengen_line</styleUrl>
    <TimeSpan>
      <begin>2026-05-30T14:04:00Z</begin>
      <end>2026-05-30T23:59:59Z</end>
    </TimeSpan>
    <LineString>
      <altitudeMode>relativeToGround</altitudeMode>
      <coordinates>
        1.3730555555555557,38.87277777777778,50000
        2.0783333333333336,41.29694444444444,0
      </coordinates>
    </LineString>
  </Placemark>
  <Placemark>
    <name>EIEFW</name>
    <description>Origen: EBBR -&gt; LEBL</description>
    <styleUrl>#schengen_line</styleUrl>
    <TimeSpan>
      <begin>2026-05-30T14:07:00Z</begin>
      <end>2026-05-30T23:59:59Z</end>
    </TimeSpan>
    <LineString>
      <altitudeMode>relativeToGround</altitudeMode>
      <coordinates>
        4.484444444444445,50.90138888888889,50000
        2.0783333333333336,41.29694444444444,0
      </coordinates>
    </LineString>
  </Placemark>
  <Placemark>
    <name>LVCSX</name>
    <description>Origen: SAEZ -&gt; LEBL</description>
    <styleUrl>#schengen_line</styleUrl>
    <TimeSpan>
      <begin>2026-05-30T14:11:00Z</begin>
      <end>2026-05-30T23:59:59Z</end>
    </TimeSpan>
    <LineString>
      <altitudeMode>relativeToGround</altitudeMode>
      <coordinates>
        -58.53583333333333,-34.82222222222222,50000
        2.0783333333333336,41.29694444444444,0
      </coordinates>
    </LineString>
  </Placemark>
  <Placemark>
    <name>PHBXG</name>
    <description>Origen: EHAM -&gt; LEBL</description>
    <styleUrl>#schengen_line</styleUrl>
    <TimeSpan>
      <begin>2026-05-30T14:13:00Z</begin>
      <end>2026-05-30T23:59:59Z</end>
    </TimeSpan>
    <LineString>
      <altitudeMode>relativeToGround</altitudeMode>
      <coordinates>
        4.764166666666667,52.308055555555555,50000
        2.0783333333333336,41.29694444444444,0
      </coordinates>
    </LineString>
  </Placemark>
  <Placemark>
    <name>LYVEO</name>
    <description>Origen: LEST -&gt; LEBL</description>
    <styleUrl>#schengen_line</styleUrl>
    <TimeSpan>
      <begin>2026-05-30T14:15:00Z</begin>
      <end>2026-05-30T23:59:59Z</end>
    </TimeSpan>
    <LineString>
      <altitudeMode>relativeToGround</altitudeMode>
      <coordinates>
        -8.415277777777778,42.896388888888886,50000
        2.0783333333333336,41.29694444444444,0
      </coordinates>
    </LineString>
  </Placemark>
  <Placemark>
    <name>ECMJZ</name>
    <description>Origen: LEBZ -&gt; LEBL</description>
    <styleUrl>#schengen_line</styleUrl>
    <TimeSpan>
      <begin>2026-05-30T14:17:00Z</begin>
      <end>2026-05-30T23:59:59Z</end>
    </TimeSpan>
    <LineString>
      <altitudeMode>relativeToGround</altitudeMode>
      <coordinates>
        -6.8213888888888885,38.89138888888889,50000
        2.0783333333333336,41.29694444444444,0
      </coordinates>
    </LineString>
  </Placemark>
  <Placemark>
    <name>VQBBG</name>
    <description>Origen: UUEE -&gt; LEBL</description>
    <styleUrl>#schengen_line</styleUrl>
    <TimeSpan>
      <begin>2026-05-30T14:20:00Z</begin>
      <end>2026-05-30T23:59:59Z</end>
    </TimeSpan>
    <LineString>
      <altitudeMode>relativeToGround</altitudeMode>
      <coordinates>
        37.41305555555555,55.972500000000004,50000
        2.0783333333333336,41.29694444444444,0
      </coordinates>
    </LineString>
  </Placemark>
  <Placemark>
    <name>PTMSV</name>
    <description>Origen: SBGR -&gt; LEBL</description>
    <styleUrl>#schengen_line</styleUrl>
    <TimeSpan>
      <begin>2026-05-30T14:21:00Z</begin>
      <end>2026-05-30T23:59:59Z</end>
    </TimeSpan>
    <LineString>
      <altitudeMode>relativeToGround</altitudeMode>
      <coordinates>
        -46.47,-23.433333333333334,50000
        2.0783333333333336,41.29694444444444,0
      </coordinates>
    </LineString>
  </Placemark>
  <Placemark>
    <name>HBJYL</name>
    <description>Origen: LSGG -&gt; LEBL</description>
    <styleUrl>#schengen_line</styleUrl>
    <TimeSpan>
      <begin>2026-05-30T14:25:00Z</begin>
      <end>2026-05-30T23:59:59Z</end>
    </TimeSpan>
    <LineString>
      <altitudeMode>relativeToGround</altitudeMode>
      <coordinates>
        6.109444444444444,46.23833333333334,50000
        2.0783333333333336,41.29694444444444,0
      </coordinates>
    </LineString>
  </Placemark>
  <Placemark>
    <name>ECJPF</name>
    <description>Origen: LEMD -&gt; LEBL</description>
    <styleUrl>#schengen_line</styleUrl>
    <TimeSpan>
      <begin>2026-05-30T14:27:00Z</begin>
      <end>2026-05-30T23:59:59Z</end>
    </TimeSpan>
    <LineString>
      <altitudeMode>relativeToGround</altitudeMode>
      <coordinates>
        -3.560833333333333,40.47222222222222,50000
        2.0783333333333336,41.29694444444444,0
      </coordinates>
    </LineString>
  </Placemark>
  <Placemark>
    <name>EIFJP</name>
    <description>Origen: LEPA -&gt; LEBL</description>
    <styleUrl>#schengen_line</styleUrl>
    <TimeSpan>
      <begin>2026-05-30T14:29:00Z</begin>
      <end>2026-05-30T23:59:59Z</end>
    </TimeSpan>
    <LineString>
      <altitudeMode>relativeToGround</altitudeMode>
      <coordinates>
        2.738888888888889,39.55166666666666,50000
        2.0783333333333336,41.29694444444444,0
      </coordinates>
    </LineString>
  </Placemark>
  <Placemark>
    <name>HBJXE</name>
    <description>Origen: LFSB -&gt; LEBL</description>
    <styleUrl>#schengen_line</styleUrl>
    <TimeSpan>
      <begin>2026-05-30T14:32:00Z</begin>
      <end>2026-05-30T23:59:59Z</end>
    </TimeSpan>
    <LineString>
      <altitudeMode>relativeToGround</altitudeMode>
      <coordinates>
        7.529166666666667,47.59,50000
        2.0783333333333336,41.29694444444444,0
      </coordinates>
    </LineString>
  </Placemark>
  <Placemark>
    <name>CNNMH</name>
    <description>Origen: GMMN -&gt; LEBL</description>
    <styleUrl>#schengen_line</styleUrl>
    <TimeSpan>
      <begin>2026-05-30T14:35:00Z</begin>
      <end>2026-05-30T23:59:59Z</end>
    </TimeSpan>
    <LineString>
      <altitudeMode>relativeToGround</altitudeMode>
      <coordinates>
        -7.581666666666666,33.36416666666667,50000
        2.0783333333333336,41.29694444444444,0
      </coordinates>
    </LineString>
  </Placemark>
  <Placemark>
    <name>ECLML</name>
    <description>Origen: LEPA -&gt; LEBL</description>
    <styleUrl>#schengen_line</styleUrl>
    <TimeSpan>
      <begin>2026-05-30T14:37:00Z</begin>
      <end>2026-05-30T23:59:59Z</end>
    </TimeSpan>
    <LineString>
      <altitudeMode>relativeToGround</altitudeMode>
      <coordinates>
        2.738888888888889,39.55166666666666,50000
        2.0783333333333336,41.29694444444444,0
      </coordinates>
    </LineString>
  </Placemark>
  <Placemark>
    <name>ECJNI</name>
    <description>Origen: LEMD -&gt; LEBL</description>
    <styleUrl>#schengen_line</styleUrl>
    <TimeSpan>
      <begin>2026-05-30T14:39:00Z</begin>
      <end>2026-05-30T23:59:59Z</end>
    </TimeSpan>
    <LineString>
      <altitudeMode>relativeToGround</altitudeMode>
      <coordinates>
        -3.560833333333333,40.47222222222222,50000
        2.0783333333333336,41.29694444444444,0
      </coordinates>
    </LineString>
  </Placemark>
  <Placemark>
    <name>ECMKV</name>
    <description>Origen: ELLX -&gt; LEBL</description>
    <styleUrl>#schengen_line</styleUrl>
    <TimeSpan>
      <begin>2026-05-30T14:41:00Z</begin>
      <end>2026-05-30T23:59:59Z</end>
    </TimeSpan>
    <LineString>
      <altitudeMode>relativeToGround</altitudeMode>
      <coordinates>
        6.204444444444444,49.623333333333335,50000
        2.0783333333333336,41.29694444444444,0
      </coordinates>
    </LineString>
  </Placemark>
  <Placemark>
    <name>ECJGM</name>
    <description>Origen: LEBB -&gt; LEBL</description>
    <styleUrl>#schengen_line</styleUrl>
    <TimeSpan>
      <begin>2026-05-30T14:43:00Z</begin>
      <end>2026-05-30T23:59:59Z</end>
    </TimeSpan>
    <LineString>
      <altitudeMode>relativeToGround</altitudeMode>
      <coordinates>
        -2.9105555555555553,43.301111111111105,50000
        2.0783333333333336,41.29694444444444,0
      </coordinates>
    </LineString>
  </Placemark>
  <Placemark>
    <name>ECMBK</name>
    <description>Origen: LEJR -&gt; LEBL</description>
    <styleUrl>#schengen_line</styleUrl>
    <TimeSpan>
      <begin>2026-05-30T14:45:00Z</begin>
      <end>2026-05-30T23:59:59Z</end>
    </TimeSpan>
    <LineString>
      <altitudeMode>relativeToGround</altitudeMode>
      <coordinates>
        -6.06,36.74472222222222,50000
        2.0783333333333336,41.29694444444444,0
      </coordinates>
    </LineString>
  </Placemark>
  <Placemark>
    <name>EIFJK</name>
    <description>Origen: EFHK -&gt; LEBL</description>
    <styleUrl>#schengen_line</styleUrl>
    <TimeSpan>
      <begin>2026-05-30T14:47:00Z</begin>
      <end>2026-05-30T23:59:59Z</end>
    </TimeSpan>
    <LineString>
      <altitudeMode>relativeToGround</altitudeMode>
      <coordinates>
        24.96333333333333,60.31722222222223,50000
        2.0783333333333336,41.29694444444444,0
      </coordinates>
    </LineString>
  </Placemark>
  <Placemark>
    <name>ECMBF</name>
    <description>Origen: EDDN -&gt; LEBL</description>
    <styleUrl>#schengen_line</styleUrl>
    <TimeSpan>
      <begin>2026-05-30T14:49:00Z</begin>
      <end>2026-05-30T23:59:59Z</end>
    </TimeSpan>
    <LineString>
      <altitudeMode>relativeToGround</altitudeMode>
      <coordinates>
        11.078055555555554,49.49861111111111,50000
        2.0783333333333336,41.29694444444444,0
      </coordinates>
    </LineString>
  </Placemark>
  <Placemark>
    <name>ECMLE</name>
    <description>Origen: EHEH -&gt; LEBL</description>
    <styleUrl>#schengen_line</styleUrl>
    <TimeSpan>
      <begin>2026-05-30T14:52:00Z</begin>
      <end>2026-05-30T23:59:59Z</end>
    </TimeSpan>
    <LineString>
      <altitudeMode>relativeToGround</altitudeMode>
      <coordinates>
        5.374444444444444,51.45,50000
        2.0783333333333336,41.29694444444444,0
      </coordinates>
    </LineString>
  </Placemark>
  <Placemark>
    <name>ECMHB</name>
    <description>Origen: EDDS -&gt; LEBL</description>
    <styleUrl>#schengen_line</styleUrl>
    <TimeSpan>
      <begin>2026-05-30T14:54:00Z</begin>
      <end>2026-05-30T23:59:59Z</end>
    </TimeSpan>
    <LineString>
      <altitudeMode>relativeToGround</altitudeMode>
      <coordinates>
        9.221944444444444,48.69,50000
        2.0783333333333336,41.29694444444444,0
      </coordinates>
    </LineString>
  </Placemark>
  <Placemark>
    <name>TCJIP</name>
    <description>Origen: LTBA -&gt; LEBL</description>
    <styleUrl>#schengen_line</styleUrl>
    <TimeSpan>
      <begin>2026-05-30T14:58:00Z</begin>
      <end>2026-05-30T23:59:59Z</end>
    </TimeSpan>
    <LineString>
      <altitudeMode>relativeToGround</altitudeMode>
      <coordinates>
        28.81416666666667,40.976111111111116,50000
        2.0783333333333336,41.29694444444444,0
      </coordinates>
    </LineString>
  </Placemark>
  <Placemark>
    <name>TCDCF</name>
    <description>Origen: LTFJ -&gt; LEBL</description>
    <styleUrl>#schengen_line</styleUrl>
    <TimeSpan>
      <begin>2026-05-30T15:01:00Z</begin>
      <end>2026-05-30T23:59:59Z</end>
    </TimeSpan>
    <LineString>
      <altitudeMode>relativeToGround</altitudeMode>
      <coordinates>
        29.309166666666666,40.89833333333333,50000
        2.0783333333333336,41.29694444444444,0
      </coordinates>
    </LineString>
  </Placemark>
  <Placemark>
    <name>ECLZN</name>
    <description>Origen: EGNT -&gt; LEBL</description>
    <styleUrl>#schengen_line</styleUrl>
    <TimeSpan>
      <begin>2026-05-30T15:04:00Z</begin>
      <end>2026-05-30T23:59:59Z</end>
    </TimeSpan>
    <LineString>
      <altitudeMode>relativeToGround</altitudeMode>
      <coordinates>
        -1.6897222222222223,55.03805555555555,50000
        2.0783333333333336,41.29694444444444,0
      </coordinates>
    </LineString>
  </Placemark>
  <Placemark>
    <name>IBIXS</name>
    <description>Origen: LIRF -&gt; LEBL</description>
    <styleUrl>#schengen_line</styleUrl>
    <TimeSpan>
      <begin>2026-05-30T15:06:00Z</begin>
      <end>2026-05-30T23:59:59Z</end>
    </TimeSpan>
    <LineString>
      <altitudeMode>relativeToGround</altitudeMode>
      <coordinates>
        12.238888888888889,41.80027777777777,50000
        2.0783333333333336,41.29694444444444,0
      </coordinates>
    </LineString>
  </Placemark>
  <Placemark>
    <name>VPBAS</name>
    <description>Origen: UUDD -&gt; LEBL</description>
    <styleUrl>#schengen_line</styleUrl>
    <TimeSpan>
      <begin>2026-05-30T15:08:00Z</begin>
      <end>2026-05-30T23:59:59Z</end>
    </TimeSpan>
    <LineString>
      <altitudeMode>relativeToGround</altitudeMode>
      <coordinates>
        37.906388888888884,55.40861111111111,50000
        2.0783333333333336,41.29694444444444,0
      </coordinates>
    </LineString>
  </Placemark>
  <Placemark>
    <name>ECMBS</name>
    <description>Origen: LEZL -&gt; LEBL</description>
    <styleUrl>#schengen_line</styleUrl>
    <TimeSpan>
      <begin>2026-05-30T15:10:00Z</begin>
      <end>2026-05-30T23:59:59Z</end>
    </TimeSpan>
    <LineString>
      <altitudeMode>relativeToGround</altitudeMode>
      <coordinates>
        -5.898888888888888,37.418055555555554,50000
        2.0783333333333336,41.29694444444444,0
      </coordinates>
    </LineString>
  </Placemark>
  <Placemark>
    <name>ECJFF</name>
    <description>Origen: GCFV -&gt; LEBL</description>
    <styleUrl>#schengen_line</styleUrl>
    <TimeSpan>
      <begin>2026-05-30T15:11:00Z</begin>
      <end>2026-05-30T23:59:59Z</end>
    </TimeSpan>
    <LineString>
      <altitudeMode>relativeToGround</altitudeMode>
      <coordinates>
        -13.863888888888889,28.452777777777776,50000
        2.0783333333333336,41.29694444444444,0
      </coordinates>
    </LineString>
  </Placemark>
  <Placemark>
    <name>LNRRG</name>
    <description>Origen: ENGM -&gt; LEBL</description>
    <styleUrl>#schengen_line</styleUrl>
    <TimeSpan>
      <begin>2026-05-30T15:13:00Z</begin>
      <end>2026-05-30T23:59:59Z</end>
    </TimeSpan>
    <LineString>
      <altitudeMode>relativeToGround</altitudeMode>
      <coordinates>
        11.08388888888889,60.20277777777778,50000
        2.0783333333333336,41.29694444444444,0
      </coordinates>
    </LineString>
  </Placemark>
  <Placemark>
    <name>ECJTQ</name>
    <description>Origen: LFPG -&gt; LEBL</description>
    <styleUrl>#schengen_line</styleUrl>
    <TimeSpan>
      <begin>2026-05-30T15:15:00Z</begin>
      <end>2026-05-30T23:59:59Z</end>
    </TimeSpan>
    <LineString>
      <altitudeMode>relativeToGround</altitudeMode>
      <coordinates>
        2.5477777777777777,49.00972222222222,50000
        2.0783333333333336,41.29694444444444,0
      </coordinates>
    </LineString>
  </Placemark>
  <Placemark>
    <name>ECLQK</name>
    <description>Origen: LEGR -&gt; LEBL</description>
    <styleUrl>#schengen_line</styleUrl>
    <TimeSpan>
      <begin>2026-05-30T15:17:00Z</begin>
      <end>2026-05-30T23:59:59Z</end>
    </TimeSpan>
    <LineString>
      <altitudeMode>relativeToGround</altitudeMode>
      <coordinates>
        -3.777222222222222,37.18861111111111,50000
        2.0783333333333336,41.29694444444444,0
      </coordinates>
    </LineString>
  </Placemark>
  <Placemark>
    <name>ECMKX</name>
    <description>Origen: LFPO -&gt; LEBL</description>
    <styleUrl>#schengen_line</styleUrl>
    <TimeSpan>
      <begin>2026-05-30T15:20:00Z</begin>
      <end>2026-05-30T23:59:59Z</end>
    </TimeSpan>
    <LineString>
      <altitudeMode>relativeToGround</altitudeMode>
      <coordinates>
        2.3794444444444447,48.723333333333336,50000
        2.0783333333333336,41.29694444444444,0
      </coordinates>
    </LineString>
  </Placemark>
  <Placemark>
    <name>ECLVO</name>
    <description>Origen: LEMH -&gt; LEBL</description>
    <styleUrl>#schengen_line</styleUrl>
    <TimeSpan>
      <begin>2026-05-30T15:21:00Z</begin>
      <end>2026-05-30T23:59:59Z</end>
    </TimeSpan>
    <LineString>
      <altitudeMode>relativeToGround</altitudeMode>
      <coordinates>
        4.2186111111111115,39.862500000000004,50000
        2.0783333333333336,41.29694444444444,0
      </coordinates>
    </LineString>
  </Placemark>
  <Placemark>
    <name>N483CM</name>
    <description>Origen: LDDU -&gt; LEBL</description>
    <styleUrl>#schengen_line</styleUrl>
    <TimeSpan>
      <begin>2026-05-30T15:24:00Z</begin>
      <end>2026-05-30T23:59:59Z</end>
    </TimeSpan>
    <LineString>
      <altitudeMode>relativeToGround</altitudeMode>
      <coordinates>
        18.26833333333333,42.561388888888885,50000
        2.0783333333333336,41.29694444444444,0
      </coordinates>
    </LineString>
  </Placemark>
  <Placemark>
    <name>FHEPB</name>
    <description>Origen: LFPG -&gt; LEBL</description>
    <styleUrl>#schengen_line</styleUrl>
    <TimeSpan>
      <begin>2026-05-30T15:26:00Z</begin>
      <end>2026-05-30T23:59:59Z</end>
    </TimeSpan>
    <LineString>
      <altitudeMode>relativeToGround</altitudeMode>
      <coordinates>
        2.5477777777777777,49.00972222222222,50000
        2.0783333333333336,41.29694444444444,0
      </coordinates>
    </LineString>
  </Placemark>
  <Placemark>
    <name>ECMBY</name>
    <description>Origen: EGGP -&gt; LEBL</description>
    <styleUrl>#schengen_line</styleUrl>
    <TimeSpan>
      <begin>2026-05-30T15:28:00Z</begin>
      <end>2026-05-30T23:59:59Z</end>
    </TimeSpan>
    <LineString>
      <altitudeMode>relativeToGround</altitudeMode>
      <coordinates>
        -2.8497222222222223,53.33361111111111,50000
        2.0783333333333336,41.29694444444444,0
      </coordinates>
    </LineString>
  </Placemark>
  <Placemark>
    <name>ECMKM</name>
    <description>Origen: LEAL -&gt; LEBL</description>
    <styleUrl>#schengen_line</styleUrl>
    <TimeSpan>
      <begin>2026-05-30T15:29:00Z</begin>
      <end>2026-05-30T23:59:59Z</end>
    </TimeSpan>
    <LineString>
      <altitudeMode>relativeToGround</altitudeMode>
      <coordinates>
        -0.5580555555555556,38.282222222222224,50000
        2.0783333333333336,41.29694444444444,0
      </coordinates>
    </LineString>
  </Placemark>
  <Placemark>
    <name>DIERF</name>
    <description>Origen: EDDN -&gt; LEBL</description>
    <styleUrl>#schengen_line</styleUrl>
    <TimeSpan>
      <begin>2026-05-30T15:32:00Z</begin>
      <end>2026-05-30T23:59:59Z</end>
    </TimeSpan>
    <LineString>
      <altitudeMode>relativeToGround</altitudeMode>
      <coordinates>
        11.078055555555554,49.49861111111111,50000
        2.0783333333333336,41.29694444444444,0
      </coordinates>
    </LineString>
  </Placemark>
  <Placemark>
    <name>DAIRD</name>
    <description>Origen: EDDM -&gt; LEBL</description>
    <styleUrl>#schengen_line</styleUrl>
    <TimeSpan>
      <begin>2026-05-30T15:33:00Z</begin>
      <end>2026-05-30T23:59:59Z</end>
    </TimeSpan>
    <LineString>
      <altitudeMode>relativeToGround</altitudeMode>
      <coordinates>
        11.786111111111111,48.35388888888889,50000
        2.0783333333333336,41.29694444444444,0
      </coordinates>
    </LineString>
  </Placemark>
  <Placemark>
    <name>ECJFN</name>
    <description>Origen: LEMD -&gt; LEBL</description>
    <styleUrl>#schengen_line</styleUrl>
    <TimeSpan>
      <begin>2026-05-30T15:38:00Z</begin>
      <end>2026-05-30T23:59:59Z</end>
    </TimeSpan>
    <LineString>
      <altitudeMode>relativeToGround</altitudeMode>
      <coordinates>
        -3.560833333333333,40.47222222222222,50000
        2.0783333333333336,41.29694444444444,0
      </coordinates>
    </LineString>
  </Placemark>
  <Placemark>
    <name>HBIOH</name>
    <description>Origen: LSZH -&gt; LEBL</description>
    <styleUrl>#schengen_line</styleUrl>
    <TimeSpan>
      <begin>2026-05-30T15:43:00Z</begin>
      <end>2026-05-30T23:59:59Z</end>
    </TimeSpan>
    <LineString>
      <altitudeMode>relativeToGround</altitudeMode>
      <coordinates>
        8.548055555555555,47.45805555555556,50000
        2.0783333333333336,41.29694444444444,0
      </coordinates>
    </LineString>
  </Placemark>
  <Placemark>
    <name>ECKCU</name>
    <description>Origen: EBBR -&gt; LEBL</description>
    <styleUrl>#schengen_line</styleUrl>
    <TimeSpan>
      <begin>2026-05-30T15:46:00Z</begin>
      <end>2026-05-30T23:59:59Z</end>
    </TimeSpan>
    <LineString>
      <altitudeMode>relativeToGround</altitudeMode>
      <coordinates>
        4.484444444444445,50.90138888888889,50000
        2.0783333333333336,41.29694444444444,0
      </coordinates>
    </LineString>
  </Placemark>
  <Placemark>
    <name>EIDHT</name>
    <description>Origen: LEIB -&gt; LEBL</description>
    <styleUrl>#schengen_line</styleUrl>
    <TimeSpan>
      <begin>2026-05-30T15:48:00Z</begin>
      <end>2026-05-30T23:59:59Z</end>
    </TimeSpan>
    <LineString>
      <altitudeMode>relativeToGround</altitudeMode>
      <coordinates>
        1.3730555555555557,38.87277777777778,50000
        2.0783333333333336,41.29694444444444,0
      </coordinates>
    </LineString>
  </Placemark>
  <Placemark>
    <name>ECLZF</name>
    <description>Origen: LEBB -&gt; LEBL</description>
    <styleUrl>#schengen_line</styleUrl>
    <TimeSpan>
      <begin>2026-05-30T15:50:00Z</begin>
      <end>2026-05-30T23:59:59Z</end>
    </TimeSpan>
    <LineString>
      <altitudeMode>relativeToGround</altitudeMode>
      <coordinates>
        -2.9105555555555553,43.301111111111105,50000
        2.0783333333333336,41.29694444444444,0
      </coordinates>
    </LineString>
  </Placemark>
  <Placemark>
    <name>GTTOE</name>
    <description>Origen: EGLL -&gt; LEBL</description>
    <styleUrl>#schengen_line</styleUrl>
    <TimeSpan>
      <begin>2026-05-30T15:52:00Z</begin>
      <end>2026-05-30T23:59:59Z</end>
    </TimeSpan>
    <LineString>
      <altitudeMode>relativeToGround</altitudeMode>
      <coordinates>
        -0.4613888888888889,51.4775,50000
        2.0783333333333336,41.29694444444444,0
      </coordinates>
    </LineString>
  </Placemark>
  <Placemark>
    <name>ECLAA</name>
    <description>Origen: EDDH -&gt; LEBL</description>
    <styleUrl>#schengen_line</styleUrl>
    <TimeSpan>
      <begin>2026-05-30T15:54:00Z</begin>
      <end>2026-05-30T23:59:59Z</end>
    </TimeSpan>
    <LineString>
      <altitudeMode>relativeToGround</altitudeMode>
      <coordinates>
        9.988333333333333,53.63027777777778,50000
        2.0783333333333336,41.29694444444444,0
      </coordinates>
    </LineString>
  </Placemark>
  <Placemark>
    <name>EIEPG</name>
    <description>Origen: EGGP -&gt; LEBL</description>
    <styleUrl>#schengen_line</styleUrl>
    <TimeSpan>
      <begin>2026-05-30T15:55:00Z</begin>
      <end>2026-05-30T23:59:59Z</end>
    </TimeSpan>
    <LineString>
      <altitudeMode>relativeToGround</altitudeMode>
      <coordinates>
        -2.8497222222222223,53.33361111111111,50000
        2.0783333333333336,41.29694444444444,0
      </coordinates>
    </LineString>
  </Placemark>
  <Placemark>
    <name>ECMKN</name>
    <description>Origen: EDDV -&gt; LEBL</description>
    <styleUrl>#schengen_line</styleUrl>
    <TimeSpan>
      <begin>2026-05-30T15:57:00Z</begin>
      <end>2026-05-30T23:59:59Z</end>
    </TimeSpan>
    <LineString>
      <altitudeMode>relativeToGround</altitudeMode>
      <coordinates>
        9.68361111111111,52.46027777777778,50000
        2.0783333333333336,41.29694444444444,0
      </coordinates>
    </LineString>
  </Placemark>
  <Placemark>
    <name>ECHHA</name>
    <description>Origen: LEIB -&gt; LEBL</description>
    <styleUrl>#schengen_line</styleUrl>
    <TimeSpan>
      <begin>2026-05-30T15:59:00Z</begin>
      <end>2026-05-30T23:59:59Z</end>
    </TimeSpan>
    <LineString>
      <altitudeMode>relativeToGround</altitudeMode>
      <coordinates>
        1.3730555555555557,38.87277777777778,50000
        2.0783333333333336,41.29694444444444,0
      </coordinates>
    </LineString>
  </Placemark>
  <Placemark>
    <name>ECLXV</name>
    <description>Origen: LEPA -&gt; LEBL</description>
    <styleUrl>#schengen_line</styleUrl>
    <TimeSpan>
      <begin>2026-05-30T16:00:00Z</begin>
      <end>2026-05-30T23:59:59Z</end>
    </TimeSpan>
    <LineString>
      <altitudeMode>relativeToGround</altitudeMode>
      <coordinates>
        2.738888888888889,39.55166666666666,50000
        2.0783333333333336,41.29694444444444,0
      </coordinates>
    </LineString>
  </Placemark>
  <Placemark>
    <name>CNRGG</name>
    <description>Origen: GMMN -&gt; LEBL</description>
    <styleUrl>#schengen_line</styleUrl>
    <TimeSpan>
      <begin>2026-05-30T16:02:00Z</begin>
      <end>2026-05-30T23:59:59Z</end>
    </TimeSpan>
    <LineString>
      <altitudeMode>relativeToGround</altitudeMode>
      <coordinates>
        -7.581666666666666,33.36416666666667,50000
        2.0783333333333336,41.29694444444444,0
      </coordinates>
    </LineString>
  </Placemark>
  <Placemark>
    <name>DAIDQ</name>
    <description>Origen: EDDF -&gt; LEBL</description>
    <styleUrl>#schengen_line</styleUrl>
    <TimeSpan>
      <begin>2026-05-30T16:07:00Z</begin>
      <end>2026-05-30T23:59:59Z</end>
    </TimeSpan>
    <LineString>
      <altitudeMode>relativeToGround</altitudeMode>
      <coordinates>
        8.570555555555556,50.03333333333333,50000
        2.0783333333333336,41.29694444444444,0
      </coordinates>
    </LineString>
  </Placemark>
  <Placemark>
    <name>GEZWZ</name>
    <description>Origen: LFPG -&gt; LEBL</description>
    <styleUrl>#schengen_line</styleUrl>
    <TimeSpan>
      <begin>2026-05-30T16:08:00Z</begin>
      <end>2026-05-30T23:59:59Z</end>
    </TimeSpan>
    <LineString>
      <altitudeMode>relativeToGround</altitudeMode>
      <coordinates>
        2.5477777777777777,49.00972222222222,50000
        2.0783333333333336,41.29694444444444,0
      </coordinates>
    </LineString>
  </Placemark>
  <Placemark>
    <name>ECMGZ</name>
    <description>Origen: EGKK -&gt; LEBL</description>
    <styleUrl>#schengen_line</styleUrl>
    <TimeSpan>
      <begin>2026-05-30T16:10:00Z</begin>
      <end>2026-05-30T23:59:59Z</end>
    </TimeSpan>
    <LineString>
      <altitudeMode>relativeToGround</altitudeMode>
      <coordinates>
        -0.19027777777777777,51.14805555555556,50000
        2.0783333333333336,41.29694444444444,0
      </coordinates>
    </LineString>
  </Placemark>
  <Placemark>
    <name>SXABE</name>
    <description>Origen: LFBD -&gt; LEBL</description>
    <styleUrl>#schengen_line</styleUrl>
    <TimeSpan>
      <begin>2026-05-30T16:12:00Z</begin>
      <end>2026-05-30T23:59:59Z</end>
    </TimeSpan>
    <LineString>
      <altitudeMode>relativeToGround</altitudeMode>
      <coordinates>
        -0.7152777777777777,44.828611111111115,50000
        2.0783333333333336,41.29694444444444,0
      </coordinates>
    </LineString>
  </Placemark>
  <Placemark>
    <name>ECMEQ</name>
    <description>Origen: LPPT -&gt; LEBL</description>
    <styleUrl>#schengen_line</styleUrl>
    <TimeSpan>
      <begin>2026-05-30T16:13:00Z</begin>
      <end>2026-05-30T23:59:59Z</end>
    </TimeSpan>
    <LineString>
      <altitudeMode>relativeToGround</altitudeMode>
      <coordinates>
        -9.134166666666665,38.774166666666666,50000
        2.0783333333333336,41.29694444444444,0
      </coordinates>
    </LineString>
  </Placemark>
  <Placemark>
    <name>GEZTA</name>
    <description>Origen: EGKK -&gt; LEBL</description>
    <styleUrl>#schengen_line</styleUrl>
    <TimeSpan>
      <begin>2026-05-30T16:15:00Z</begin>
      <end>2026-05-30T23:59:59Z</end>
    </TimeSpan>
    <LineString>
      <altitudeMode>relativeToGround</altitudeMode>
      <coordinates>
        -0.19027777777777777,51.14805555555556,50000
        2.0783333333333336,41.29694444444444,0
      </coordinates>
    </LineString>
  </Placemark>
  <Placemark>
    <name>ECLZE</name>
    <description>Origen: LIPZ -&gt; LEBL</description>
    <styleUrl>#schengen_line</styleUrl>
    <TimeSpan>
      <begin>2026-05-30T16:17:00Z</begin>
      <end>2026-05-30T23:59:59Z</end>
    </TimeSpan>
    <LineString>
      <altitudeMode>relativeToGround</altitudeMode>
      <coordinates>
        12.351944444444444,45.50527777777778,50000
        2.0783333333333336,41.29694444444444,0
      </coordinates>
    </LineString>
  </Placemark>
  <Placemark>
    <name>ECLRN</name>
    <description>Origen: LICJ -&gt; LEBL</description>
    <styleUrl>#schengen_line</styleUrl>
    <TimeSpan>
      <begin>2026-05-30T16:19:00Z</begin>
      <end>2026-05-30T23:59:59Z</end>
    </TimeSpan>
    <LineString>
      <altitudeMode>relativeToGround</altitudeMode>
      <coordinates>
        13.099444444444446,38.18194444444444,50000
        2.0783333333333336,41.29694444444444,0
      </coordinates>
    </LineString>
  </Placemark>
  <Placemark>
    <name>ECHQI</name>
    <description>Origen: LIBD -&gt; LEBL</description>
    <styleUrl>#schengen_line</styleUrl>
    <TimeSpan>
      <begin>2026-05-30T16:21:00Z</begin>
      <end>2026-05-30T23:59:59Z</end>
    </TimeSpan>
    <LineString>
      <altitudeMode>relativeToGround</altitudeMode>
      <coordinates>
        16.765,41.13805555555555,50000
        2.0783333333333336,41.29694444444444,0
      </coordinates>
    </LineString>
  </Placemark>
  <Placemark>
    <name>ECHQJ</name>
    <description>Origen: LOWW -&gt; LEBL</description>
    <styleUrl>#schengen_line</styleUrl>
    <TimeSpan>
      <begin>2026-05-30T16:24:00Z</begin>
      <end>2026-05-30T23:59:59Z</end>
    </TimeSpan>
    <LineString>
      <altitudeMode>relativeToGround</altitudeMode>
      <coordinates>
        16.56972222222222,48.11027777777778,50000
        2.0783333333333336,41.29694444444444,0
      </coordinates>
    </LineString>
  </Placemark>
  <Placemark>
    <name>ECMAI</name>
    <description>Origen: LEIB -&gt; LEBL</description>
    <styleUrl>#schengen_line</styleUrl>
    <TimeSpan>
      <begin>2026-05-30T16:25:00Z</begin>
      <end>2026-05-30T23:59:59Z</end>
    </TimeSpan>
    <LineString>
      <altitudeMode>relativeToGround</altitudeMode>
      <coordinates>
        1.3730555555555557,38.87277777777778,50000
        2.0783333333333336,41.29694444444444,0
      </coordinates>
    </LineString>
  </Placemark>
  <Placemark>
    <name>ECMLD</name>
    <description>Origen: EDDM -&gt; LEBL</description>
    <styleUrl>#schengen_line</styleUrl>
    <TimeSpan>
      <begin>2026-05-30T16:27:00Z</begin>
      <end>2026-05-30T23:59:59Z</end>
    </TimeSpan>
    <LineString>
      <altitudeMode>relativeToGround</altitudeMode>
      <coordinates>
        11.786111111111111,48.35388888888889,50000
        2.0783333333333336,41.29694444444444,0
      </coordinates>
    </LineString>
  </Placemark>
  <Placemark>
    <name>FGUGO</name>
    <description>Origen: LFPG -&gt; LEBL</description>
    <styleUrl>#schengen_line</styleUrl>
    <TimeSpan>
      <begin>2026-05-30T16:29:00Z</begin>
      <end>2026-05-30T23:59:59Z</end>
    </TimeSpan>
    <LineString>
      <altitudeMode>relativeToGround</altitudeMode>
      <coordinates>
        2.5477777777777777,49.00972222222222,50000
        2.0783333333333336,41.29694444444444,0
      </coordinates>
    </LineString>
  </Placemark>
  <Placemark>
    <name>ECMJR</name>
    <description>Origen: LIRN -&gt; LEBL</description>
    <styleUrl>#schengen_line</styleUrl>
    <TimeSpan>
      <begin>2026-05-30T16:31:00Z</begin>
      <end>2026-05-30T23:59:59Z</end>
    </TimeSpan>
    <LineString>
      <altitudeMode>relativeToGround</altitudeMode>
      <coordinates>
        14.290833333333333,40.88444444444444,50000
        2.0783333333333336,41.29694444444444,0
      </coordinates>
    </LineString>
  </Placemark>
  <Placemark>
    <name>ECLUN</name>
    <description>Origen: LFML -&gt; LEBL</description>
    <styleUrl>#schengen_line</styleUrl>
    <TimeSpan>
      <begin>2026-05-30T16:33:00Z</begin>
      <end>2026-05-30T23:59:59Z</end>
    </TimeSpan>
    <LineString>
      <altitudeMode>relativeToGround</altitudeMode>
      <coordinates>
        5.215,43.43666666666666,50000
        2.0783333333333336,41.29694444444444,0
      </coordinates>
    </LineString>
  </Placemark>
  <Placemark>
    <name>ECKRN</name>
    <description>Origen: GMMX -&gt; LEBL</description>
    <styleUrl>#schengen_line</styleUrl>
    <TimeSpan>
      <begin>2026-05-30T16:35:00Z</begin>
      <end>2026-05-30T23:59:59Z</end>
    </TimeSpan>
    <LineString>
      <altitudeMode>relativeToGround</altitudeMode>
      <coordinates>
        -8.040833333333333,31.608611111111113,50000
        2.0783333333333336,41.29694444444444,0
      </coordinates>
    </LineString>
  </Placemark>
  <Placemark>
    <name>EIDHG</name>
    <description>Origen: LIRF -&gt; LEBL</description>
    <styleUrl>#schengen_line</styleUrl>
    <TimeSpan>
      <begin>2026-05-30T16:38:00Z</begin>
      <end>2026-05-30T23:59:59Z</end>
    </TimeSpan>
    <LineString>
      <altitudeMode>relativeToGround</altitudeMode>
      <coordinates>
        12.238888888888889,41.80027777777777,50000
        2.0783333333333336,41.29694444444444,0
      </coordinates>
    </LineString>
  </Placemark>
  <Placemark>
    <name>GEZUM</name>
    <description>Origen: LSGG -&gt; LEBL</description>
    <styleUrl>#schengen_line</styleUrl>
    <TimeSpan>
      <begin>2026-05-30T16:40:00Z</begin>
      <end>2026-05-30T23:59:59Z</end>
    </TimeSpan>
    <LineString>
      <altitudeMode>relativeToGround</altitudeMode>
      <coordinates>
        6.109444444444444,46.23833333333334,50000
        2.0783333333333336,41.29694444444444,0
      </coordinates>
    </LineString>
  </Placemark>
  <Placemark>
    <name>ECLVP</name>
    <description>Origen: LSGG -&gt; LEBL</description>
    <styleUrl>#schengen_line</styleUrl>
    <TimeSpan>
      <begin>2026-05-30T16:42:00Z</begin>
      <end>2026-05-30T23:59:59Z</end>
    </TimeSpan>
    <LineString>
      <altitudeMode>relativeToGround</altitudeMode>
      <coordinates>
        6.109444444444444,46.23833333333334,50000
        2.0783333333333336,41.29694444444444,0
      </coordinates>
    </LineString>
  </Placemark>
  <Placemark>
    <name>ECIXD</name>
    <description>Origen: LEMD -&gt; LEBL</description>
    <styleUrl>#schengen_line</styleUrl>
    <TimeSpan>
      <begin>2026-05-30T16:44:00Z</begin>
      <end>2026-05-30T23:59:59Z</end>
    </TimeSpan>
    <LineString>
      <altitudeMode>relativeToGround</altitudeMode>
      <coordinates>
        -3.560833333333333,40.47222222222222,50000
        2.0783333333333336,41.29694444444444,0
      </coordinates>
    </LineString>
  </Placemark>
  <Placemark>
    <name>ECLZZ</name>
    <description>Origen: LIRF -&gt; LEBL</description>
    <styleUrl>#schengen_line</styleUrl>
    <TimeSpan>
      <begin>2026-05-30T16:46:00Z</begin>
      <end>2026-05-30T23:59:59Z</end>
    </TimeSpan>
    <LineString>
      <altitudeMode>relativeToGround</altitudeMode>
      <coordinates>
        12.238888888888889,41.80027777777777,50000
        2.0783333333333336,41.29694444444444,0
      </coordinates>
    </LineString>
  </Placemark>
  <Placemark>
    <name>PHBXE</name>
    <description>Origen: EHAM -&gt; LEBL</description>
    <styleUrl>#schengen_line</styleUrl>
    <TimeSpan>
      <begin>2026-05-30T16:52:00Z</begin>
      <end>2026-05-30T23:59:59Z</end>
    </TimeSpan>
    <LineString>
      <altitudeMode>relativeToGround</altitudeMode>
      <coordinates>
        4.764166666666667,52.308055555555555,50000
        2.0783333333333336,41.29694444444444,0
      </coordinates>
    </LineString>
  </Placemark>
  <Placemark>
    <name>ECLRM</name>
    <description>Origen: EGFF -&gt; LEBL</description>
    <styleUrl>#schengen_line</styleUrl>
    <TimeSpan>
      <begin>2026-05-30T16:57:00Z</begin>
      <end>2026-05-30T23:59:59Z</end>
    </TimeSpan>
    <LineString>
      <altitudeMode>relativeToGround</altitudeMode>
      <coordinates>
        -3.3433333333333333,51.39666666666667,50000
        2.0783333333333336,41.29694444444444,0
      </coordinates>
    </LineString>
  </Placemark>
  <Placemark>
    <name>ECMGY</name>
    <description>Origen: LEIB -&gt; LEBL</description>
    <styleUrl>#schengen_line</styleUrl>
    <TimeSpan>
      <begin>2026-05-30T16:59:00Z</begin>
      <end>2026-05-30T23:59:59Z</end>
    </TimeSpan>
    <LineString>
      <altitudeMode>relativeToGround</altitudeMode>
      <coordinates>
        1.3730555555555557,38.87277777777778,50000
        2.0783333333333336,41.29694444444444,0
      </coordinates>
    </LineString>
  </Placemark>
  <Placemark>
    <name>ECJYX</name>
    <description>Origen: LEXJ -&gt; LEBL</description>
    <styleUrl>#schengen_line</styleUrl>
    <TimeSpan>
      <begin>2026-05-30T17:02:00Z</begin>
      <end>2026-05-30T23:59:59Z</end>
    </TimeSpan>
    <LineString>
      <altitudeMode>relativeToGround</altitudeMode>
      <coordinates>
        -3.82,43.426944444444445,50000
        2.0783333333333336,41.29694444444444,0
      </coordinates>
    </LineString>
  </Placemark>
  <Placemark>
    <name>EIFIY</name>
    <description>Origen: LEVD -&gt; LEBL</description>
    <styleUrl>#schengen_line</styleUrl>
    <TimeSpan>
      <begin>2026-05-30T17:04:00Z</begin>
      <end>2026-05-30T23:59:59Z</end>
    </TimeSpan>
    <LineString>
      <altitudeMode>relativeToGround</altitudeMode>
      <coordinates>
        -4.851944444444444,41.70611111111111,50000
        2.0783333333333336,41.29694444444444,0
      </coordinates>
    </LineString>
  </Placemark>
  <Placemark>
    <name>DAICG</name>
    <description>Origen: EDDS -&gt; LEBL</description>
    <styleUrl>#schengen_line</styleUrl>
    <TimeSpan>
      <begin>2026-05-30T17:06:00Z</begin>
      <end>2026-05-30T23:59:59Z</end>
    </TimeSpan>
    <LineString>
      <altitudeMode>relativeToGround</altitudeMode>
      <coordinates>
        9.221944444444444,48.69,50000
        2.0783333333333336,41.29694444444444,0
      </coordinates>
    </LineString>
  </Placemark>
  <Placemark>
    <name>CSTPA</name>
    <description>Origen: LPPT -&gt; LEBL</description>
    <styleUrl>#schengen_line</styleUrl>
    <TimeSpan>
      <begin>2026-05-30T17:08:00Z</begin>
      <end>2026-05-30T23:59:59Z</end>
    </TimeSpan>
    <LineString>
      <altitudeMode>relativeToGround</altitudeMode>
      <coordinates>
        -9.134166666666665,38.774166666666666,50000
        2.0783333333333336,41.29694444444444,0
      </coordinates>
    </LineString>
  </Placemark>
  <Placemark>
    <name>EIDWK</name>
    <description>Origen: LEMH -&gt; LEBL</description>
    <styleUrl>#schengen_line</styleUrl>
    <TimeSpan>
      <begin>2026-05-30T17:10:00Z</begin>
      <end>2026-05-30T23:59:59Z</end>
    </TimeSpan>
    <LineString>
      <altitudeMode>relativeToGround</altitudeMode>
      <coordinates>
        4.2186111111111115,39.862500000000004,50000
        2.0783333333333336,41.29694444444444,0
      </coordinates>
    </LineString>
  </Placemark>
  <Placemark>
    <name>GOZBW</name>
    <description>Origen: EGNM -&gt; LEBL</description>
    <styleUrl>#schengen_line</styleUrl>
    <TimeSpan>
      <begin>2026-05-30T17:13:00Z</begin>
      <end>2026-05-30T23:59:59Z</end>
    </TimeSpan>
    <LineString>
      <altitudeMode>relativeToGround</altitudeMode>
      <coordinates>
        -1.6608333333333332,53.86611111111111,50000
        2.0783333333333336,41.29694444444444,0
      </coordinates>
    </LineString>
  </Placemark>
  <Placemark>
    <name>ECMMH</name>
    <description>Origen: GCXO -&gt; LEBL</description>
    <styleUrl>#schengen_line</styleUrl>
    <TimeSpan>
      <begin>2026-05-30T17:14:00Z</begin>
      <end>2026-05-30T23:59:59Z</end>
    </TimeSpan>
    <LineString>
      <altitudeMode>relativeToGround</altitudeMode>
      <coordinates>
        -16.341666666666665,28.482777777777777,50000
        2.0783333333333336,41.29694444444444,0
      </coordinates>
    </LineString>
  </Placemark>
  <Placemark>
    <name>EIDHX</name>
    <description>Origen: EGSS -&gt; LEBL</description>
    <styleUrl>#schengen_line</styleUrl>
    <TimeSpan>
      <begin>2026-05-30T17:15:00Z</begin>
      <end>2026-05-30T23:59:59Z</end>
    </TimeSpan>
    <LineString>
      <altitudeMode>relativeToGround</altitudeMode>
      <coordinates>
        0.23500000000000001,51.885,50000
        2.0783333333333336,41.29694444444444,0
      </coordinates>
    </LineString>
  </Placemark>
  <Placemark>
    <name>EIDHO</name>
    <description>Origen: ESKN -&gt; LEBL</description>
    <styleUrl>#schengen_line</styleUrl>
    <TimeSpan>
      <begin>2026-05-30T17:17:00Z</begin>
      <end>2026-05-30T23:59:59Z</end>
    </TimeSpan>
    <LineString>
      <altitudeMode>relativeToGround</altitudeMode>
      <coordinates>
        16.90361111111111,58.78861111111111,50000
        2.0783333333333336,41.29694444444444,0
      </coordinates>
    </LineString>
  </Placemark>
  <Placemark>
    <name>ECMHS</name>
    <description>Origen: GCRR -&gt; LEBL</description>
    <styleUrl>#schengen_line</styleUrl>
    <TimeSpan>
      <begin>2026-05-30T17:18:00Z</begin>
      <end>2026-05-30T23:59:59Z</end>
    </TimeSpan>
    <LineString>
      <altitudeMode>relativeToGround</altitudeMode>
      <coordinates>
        -13.605277777777777,28.945555555555554,50000
        2.0783333333333336,41.29694444444444,0
      </coordinates>
    </LineString>
  </Placemark>
  <Placemark>
    <name>DAISL</name>
    <description>Origen: EDDF -&gt; LEBL</description>
    <styleUrl>#schengen_line</styleUrl>
    <TimeSpan>
      <begin>2026-05-30T17:20:00Z</begin>
      <end>2026-05-30T23:59:59Z</end>
    </TimeSpan>
    <LineString>
      <altitudeMode>relativeToGround</altitudeMode>
      <coordinates>
        8.570555555555556,50.03333333333333,50000
        2.0783333333333336,41.29694444444444,0
      </coordinates>
    </LineString>
  </Placemark>
  <Placemark>
    <name>HALPX</name>
    <description>Origen: LRCL -&gt; LEBL</description>
    <styleUrl>#schengen_line</styleUrl>
    <TimeSpan>
      <begin>2026-05-30T17:21:00Z</begin>
      <end>2026-05-30T23:59:59Z</end>
    </TimeSpan>
    <LineString>
      <altitudeMode>relativeToGround</altitudeMode>
      <coordinates>
        23.692222222222224,46.78916666666667,50000
        2.0783333333333336,41.29694444444444,0
      </coordinates>
    </LineString>
  </Placemark>
  <Placemark>
    <name>HALWY</name>
    <description>Origen: EVRA -&gt; LEBL</description>
    <styleUrl>#schengen_line</styleUrl>
    <TimeSpan>
      <begin>2026-05-30T17:23:00Z</begin>
      <end>2026-05-30T23:59:59Z</end>
    </TimeSpan>
    <LineString>
      <altitudeMode>relativeToGround</altitudeMode>
      <coordinates>
        23.97111111111111,56.92361111111111,50000
        2.0783333333333336,41.29694444444444,0
      </coordinates>
    </LineString>
  </Placemark>
  <Placemark>
    <name>ECJFT</name>
    <description>Origen: LEPA -&gt; LEBL</description>
    <styleUrl>#schengen_line</styleUrl>
    <TimeSpan>
      <begin>2026-05-30T17:25:00Z</begin>
      <end>2026-05-30T23:59:59Z</end>
    </TimeSpan>
    <LineString>
      <altitudeMode>relativeToGround</altitudeMode>
      <coordinates>
        2.738888888888889,39.55166666666666,50000
        2.0783333333333336,41.29694444444444,0
      </coordinates>
    </LineString>
  </Placemark>
  <Placemark>
    <name>LNDYP</name>
    <description>Origen: ESSA -&gt; LEBL</description>
    <styleUrl>#schengen_line</styleUrl>
    <TimeSpan>
      <begin>2026-05-30T17:26:00Z</begin>
      <end>2026-05-30T23:59:59Z</end>
    </TimeSpan>
    <LineString>
      <altitudeMode>relativeToGround</altitudeMode>
      <coordinates>
        17.91861111111111,59.651944444444446,50000
        2.0783333333333336,41.29694444444444,0
      </coordinates>
    </LineString>
  </Placemark>
  <Placemark>
    <name>DABZA</name>
    <description>Origen: EDDL -&gt; LEBL</description>
    <styleUrl>#schengen_line</styleUrl>
    <TimeSpan>
      <begin>2026-05-30T17:27:00Z</begin>
      <end>2026-05-30T23:59:59Z</end>
    </TimeSpan>
    <LineString>
      <altitudeMode>relativeToGround</altitudeMode>
      <coordinates>
        6.7572222222222225,51.280833333333334,50000
        2.0783333333333336,41.29694444444444,0
      </coordinates>
    </LineString>
  </Placemark>
  <Placemark>
    <name>GEZIM</name>
    <description>Origen: EDDB -&gt; LEBL</description>
    <styleUrl>#schengen_line</styleUrl>
    <TimeSpan>
      <begin>2026-05-30T17:29:00Z</begin>
      <end>2026-05-30T23:59:59Z</end>
    </TimeSpan>
    <LineString>
      <altitudeMode>relativeToGround</altitudeMode>
      <coordinates>
        13.500555555555556,52.36222222222222,50000
        2.0783333333333336,41.29694444444444,0
      </coordinates>
    </LineString>
  </Placemark>
  <Placemark>
    <name>ECLQM</name>
    <description>Origen: EDDT -&gt; LEBL</description>
    <styleUrl>#schengen_line</styleUrl>
    <TimeSpan>
      <begin>2026-05-30T17:30:00Z</begin>
      <end>2026-05-30T23:59:59Z</end>
    </TimeSpan>
    <LineString>
      <altitudeMode>relativeToGround</altitudeMode>
      <coordinates>
        13.287777777777778,52.55972222222222,50000
        2.0783333333333336,41.29694444444444,0
      </coordinates>
    </LineString>
  </Placemark>
  <Placemark>
    <name>DAIQK</name>
    <description>Origen: EDDK -&gt; LEBL</description>
    <styleUrl>#schengen_line</styleUrl>
    <TimeSpan>
      <begin>2026-05-30T17:32:00Z</begin>
      <end>2026-05-30T23:59:59Z</end>
    </TimeSpan>
    <LineString>
      <altitudeMode>relativeToGround</altitudeMode>
      <coordinates>
        7.142777777777778,50.865833333333335,50000
        2.0783333333333336,41.29694444444444,0
      </coordinates>
    </LineString>
  </Placemark>
  <Placemark>
    <name>ECLRG</name>
    <description>Origen: EGNM -&gt; LEBL</description>
    <styleUrl>#schengen_line</styleUrl>
    <TimeSpan>
      <begin>2026-05-30T17:33:00Z</begin>
      <end>2026-05-30T23:59:59Z</end>
    </TimeSpan>
    <LineString>
      <altitudeMode>relativeToGround</altitudeMode>
      <coordinates>
        -1.6608333333333332,53.86611111111111,50000
        2.0783333333333336,41.29694444444444,0
      </coordinates>
    </LineString>
  </Placemark>
  <Placemark>
    <name>ECMFB</name>
    <description>Origen: ENGM -&gt; LEBL</description>
    <styleUrl>#schengen_line</styleUrl>
    <TimeSpan>
      <begin>2026-05-30T17:35:00Z</begin>
      <end>2026-05-30T23:59:59Z</end>
    </TimeSpan>
    <LineString>
      <altitudeMode>relativeToGround</altitudeMode>
      <coordinates>
        11.08388888888889,60.20277777777778,50000
        2.0783333333333336,41.29694444444444,0
      </coordinates>
    </LineString>
  </Placemark>
  <Placemark>
    <name>ECMLM</name>
    <description>Origen: LFPO -&gt; LEBL</description>
    <styleUrl>#schengen_line</styleUrl>
    <TimeSpan>
      <begin>2026-05-30T17:37:00Z</begin>
      <end>2026-05-30T23:59:59Z</end>
    </TimeSpan>
    <LineString>
      <altitudeMode>relativeToGround</altitudeMode>
      <coordinates>
        2.3794444444444447,48.723333333333336,50000
        2.0783333333333336,41.29694444444444,0
      </coordinates>
    </LineString>
  </Placemark>
  <Placemark>
    <name>DASXJ</name>
    <description>Origen: EDDL -&gt; LEBL</description>
    <styleUrl>#schengen_line</styleUrl>
    <TimeSpan>
      <begin>2026-05-30T17:38:00Z</begin>
      <end>2026-05-30T23:59:59Z</end>
    </TimeSpan>
    <LineString>
      <altitudeMode>relativeToGround</altitudeMode>
      <coordinates>
        6.7572222222222225,51.280833333333334,50000
        2.0783333333333336,41.29694444444444,0
      </coordinates>
    </LineString>
  </Placemark>
  <Placemark>
    <name>ECMMU</name>
    <description>Origen: GCLP -&gt; LEBL</description>
    <styleUrl>#schengen_line</styleUrl>
    <TimeSpan>
      <begin>2026-05-30T17:40:00Z</begin>
      <end>2026-05-30T23:59:59Z</end>
    </TimeSpan>
    <LineString>
      <altitudeMode>relativeToGround</altitudeMode>
      <coordinates>
        -15.386666666666667,27.931944444444447,50000
        2.0783333333333336,41.29694444444444,0
      </coordinates>
    </LineString>
  </Placemark>
  <Placemark>
    <name>ECLUT</name>
    <description>Origen: GCXO -&gt; LEBL</description>
    <styleUrl>#schengen_line</styleUrl>
    <TimeSpan>
      <begin>2026-05-30T17:41:00Z</begin>
      <end>2026-05-30T23:59:59Z</end>
    </TimeSpan>
    <LineString>
      <altitudeMode>relativeToGround</altitudeMode>
      <coordinates>
        -16.341666666666665,28.482777777777777,50000
        2.0783333333333336,41.29694444444444,0
      </coordinates>
    </LineString>
  </Placemark>
  <Placemark>
    <name>HBIOM</name>
    <description>Origen: LSZH -&gt; LEBL</description>
    <styleUrl>#schengen_line</styleUrl>
    <TimeSpan>
      <begin>2026-05-30T17:43:00Z</begin>
      <end>2026-05-30T23:59:59Z</end>
    </TimeSpan>
    <LineString>
      <altitudeMode>relativeToGround</altitudeMode>
      <coordinates>
        8.548055555555555,47.45805555555556,50000
        2.0783333333333336,41.29694444444444,0
      </coordinates>
    </LineString>
  </Placemark>
  <Placemark>
    <name>ECMEA</name>
    <description>Origen: LIMC -&gt; LEBL</description>
    <styleUrl>#schengen_line</styleUrl>
    <TimeSpan>
      <begin>2026-05-30T17:44:00Z</begin>
      <end>2026-05-30T23:59:59Z</end>
    </TimeSpan>
    <LineString>
      <altitudeMode>relativeToGround</altitudeMode>
      <coordinates>
        8.723055555555556,45.63,50000
        2.0783333333333336,41.29694444444444,0
      </coordinates>
    </LineString>
  </Placemark>
  <Placemark>
    <name>FGRXE</name>
    <description>Origen: LFPG -&gt; LEBL</description>
    <styleUrl>#schengen_line</styleUrl>
    <TimeSpan>
      <begin>2026-05-30T17:46:00Z</begin>
      <end>2026-05-30T23:59:59Z</end>
    </TimeSpan>
    <LineString>
      <altitudeMode>relativeToGround</altitudeMode>
      <coordinates>
        2.5477777777777777,49.00972222222222,50000
        2.0783333333333336,41.29694444444444,0
      </coordinates>
    </LineString>
  </Placemark>
  <Placemark>
    <name>GEUUT</name>
    <description>Origen: EGLL -&gt; LEBL</description>
    <styleUrl>#schengen_line</styleUrl>
    <TimeSpan>
      <begin>2026-05-30T17:47:00Z</begin>
      <end>2026-05-30T23:59:59Z</end>
    </TimeSpan>
    <LineString>
      <altitudeMode>relativeToGround</altitudeMode>
      <coordinates>
        -0.4613888888888889,51.4775,50000
        2.0783333333333336,41.29694444444444,0
      </coordinates>
    </LineString>
  </Placemark>
  <Placemark>
    <name>ECLQN</name>
    <description>Origen: LSZH -&gt; LEBL</description>
    <styleUrl>#schengen_line</styleUrl>
    <TimeSpan>
      <begin>2026-05-30T17:49:00Z</begin>
      <end>2026-05-30T23:59:59Z</end>
    </TimeSpan>
    <LineString>
      <altitudeMode>relativeToGround</altitudeMode>
      <coordinates>
        8.548055555555555,47.45805555555556,50000
        2.0783333333333336,41.29694444444444,0
      </coordinates>
    </LineString>
  </Placemark>
  <Placemark>
    <name>LYVEV</name>
    <description>Origen: LEPA -&gt; LEBL</description>
    <styleUrl>#schengen_line</styleUrl>
    <TimeSpan>
      <begin>2026-05-30T17:50:00Z</begin>
      <end>2026-05-30T23:59:59Z</end>
    </TimeSpan>
    <LineString>
      <altitudeMode>relativeToGround</altitudeMode>
      <coordinates>
        2.738888888888889,39.55166666666666,50000
        2.0783333333333336,41.29694444444444,0
      </coordinates>
    </LineString>
  </Placemark>
  <Placemark>
    <name>ECJTR</name>
    <description>Origen: LEMH -&gt; LEBL</description>
    <styleUrl>#schengen_line</styleUrl>
    <TimeSpan>
      <begin>2026-05-30T17:54:00Z</begin>
      <end>2026-05-30T23:59:59Z</end>
    </TimeSpan>
    <LineString>
      <altitudeMode>relativeToGround</altitudeMode>
      <coordinates>
        4.2186111111111115,39.862500000000004,50000
        2.0783333333333336,41.29694444444444,0
      </coordinates>
    </LineString>
  </Placemark>
  <Placemark>
    <name>9HVMK</name>
    <description>Origen: LIPZ -&gt; LEBL</description>
    <styleUrl>#schengen_line</styleUrl>
    <TimeSpan>
      <begin>2026-05-30T17:56:00Z</begin>
      <end>2026-05-30T23:59:59Z</end>
    </TimeSpan>
    <LineString>
      <altitudeMode>relativeToGround</altitudeMode>
      <coordinates>
        12.351944444444444,45.50527777777778,50000
        2.0783333333333336,41.29694444444444,0
      </coordinates>
    </LineString>
  </Placemark>
  <Placemark>
    <name>ECMKV</name>
    <description>Origen: LESO -&gt; LEBL</description>
    <styleUrl>#schengen_line</styleUrl>
    <TimeSpan>
      <begin>2026-05-30T17:58:00Z</begin>
      <end>2026-05-30T23:59:59Z</end>
    </TimeSpan>
    <LineString>
      <altitudeMode>relativeToGround</altitudeMode>
      <coordinates>
        -1.7905555555555555,43.35638888888889,50000
        2.0783333333333336,41.29694444444444,0
      </coordinates>
    </LineString>
  </Placemark>
  <Placemark>
    <name>CGDEJ</name>
    <description>Origen: EHRD -&gt; LEBL</description>
    <styleUrl>#schengen_line</styleUrl>
    <TimeSpan>
      <begin>2026-05-30T17:59:00Z</begin>
      <end>2026-05-30T23:59:59Z</end>
    </TimeSpan>
    <LineString>
      <altitudeMode>relativeToGround</altitudeMode>
      <coordinates>
        4.437222222222222,51.956944444444446,50000
        2.0783333333333336,41.29694444444444,0
      </coordinates>
    </LineString>
  </Placemark>
  <Placemark>
    <name>ECHUH</name>
    <description>Origen: LEMD -&gt; LEBL</description>
    <styleUrl>#schengen_line</styleUrl>
    <TimeSpan>
      <begin>2026-05-30T18:00:00Z</begin>
      <end>2026-05-30T23:59:59Z</end>
    </TimeSpan>
    <LineString>
      <altitudeMode>relativeToGround</altitudeMode>
      <coordinates>
        -3.560833333333333,40.47222222222222,50000
        2.0783333333333336,41.29694444444444,0
      </coordinates>
    </LineString>
  </Placemark>
  <Placemark>
    <name>ECLLM</name>
    <description>Origen: LEIB -&gt; LEBL</description>
    <styleUrl>#schengen_line</styleUrl>
    <TimeSpan>
      <begin>2026-05-30T18:02:00Z</begin>
      <end>2026-05-30T23:59:59Z</end>
    </TimeSpan>
    <LineString>
      <altitudeMode>relativeToGround</altitudeMode>
      <coordinates>
        1.3730555555555557,38.87277777777778,50000
        2.0783333333333336,41.29694444444444,0
      </coordinates>
    </LineString>
  </Placemark>
  <Placemark>
    <name>OEIEW</name>
    <description>Origen: LOWW -&gt; LEBL</description>
    <styleUrl>#schengen_line</styleUrl>
    <TimeSpan>
      <begin>2026-05-30T18:03:00Z</begin>
      <end>2026-05-30T23:59:59Z</end>
    </TimeSpan>
    <LineString>
      <altitudeMode>relativeToGround</altitudeMode>
      <coordinates>
        16.56972222222222,48.11027777777778,50000
        2.0783333333333336,41.29694444444444,0
      </coordinates>
    </LineString>
  </Placemark>
  <Placemark>
    <name>ECLLJ</name>
    <description>Origen: LEIB -&gt; LEBL</description>
    <styleUrl>#schengen_line</styleUrl>
    <TimeSpan>
      <begin>2026-05-30T18:05:00Z</begin>
      <end>2026-05-30T23:59:59Z</end>
    </TimeSpan>
    <LineString>
      <altitudeMode>relativeToGround</altitudeMode>
      <coordinates>
        1.3730555555555557,38.87277777777778,50000
        2.0783333333333336,41.29694444444444,0
      </coordinates>
    </LineString>
  </Placemark>
  <Placemark>
    <name>EIEFN</name>
    <description>Origen: EBBR -&gt; LEBL</description>
    <styleUrl>#schengen_line</styleUrl>
    <TimeSpan>
      <begin>2026-05-30T18:08:00Z</begin>
      <end>2026-05-30T23:59:59Z</end>
    </TimeSpan>
    <LineString>
      <altitudeMode>relativeToGround</altitudeMode>
      <coordinates>
        4.484444444444445,50.90138888888889,50000
        2.0783333333333336,41.29694444444444,0
      </coordinates>
    </LineString>
  </Placemark>
  <Placemark>
    <name>GEZEG</name>
    <description>Origen: EGKK -&gt; LEBL</description>
    <styleUrl>#schengen_line</styleUrl>
    <TimeSpan>
      <begin>2026-05-30T18:10:00Z</begin>
      <end>2026-05-30T23:59:59Z</end>
    </TimeSpan>
    <LineString>
      <altitudeMode>relativeToGround</altitudeMode>
      <coordinates>
        -0.19027777777777777,51.14805555555556,50000
        2.0783333333333336,41.29694444444444,0
      </coordinates>
    </LineString>
  </Placemark>
  <Placemark>
    <name>EIDCM</name>
    <description>Origen: LIRF -&gt; LEBL</description>
    <styleUrl>#schengen_line</styleUrl>
    <TimeSpan>
      <begin>2026-05-30T18:11:00Z</begin>
      <end>2026-05-30T23:59:59Z</end>
    </TimeSpan>
    <LineString>
      <altitudeMode>relativeToGround</altitudeMode>
      <coordinates>
        12.238888888888889,41.80027777777777,50000
        2.0783333333333336,41.29694444444444,0
      </coordinates>
    </LineString>
  </Placemark>
  <Placemark>
    <name>A7ACD</name>
    <description>Origen: OTHH -&gt; LEBL</description>
    <styleUrl>#schengen_line</styleUrl>
    <TimeSpan>
      <begin>2026-05-30T18:13:00Z</begin>
      <end>2026-05-30T23:59:59Z</end>
    </TimeSpan>
    <LineString>
      <altitudeMode>relativeToGround</altitudeMode>
      <coordinates>
        51.608333333333334,25.274444444444445,50000
        2.0783333333333336,41.29694444444444,0
      </coordinates>
    </LineString>
  </Placemark>
  <Placemark>
    <name>7TVJM</name>
    <description>Origen: DAAG -&gt; LEBL</description>
    <styleUrl>#schengen_line</styleUrl>
    <TimeSpan>
      <begin>2026-05-30T18:14:00Z</begin>
      <end>2026-05-30T23:59:59Z</end>
    </TimeSpan>
    <LineString>
      <altitudeMode>relativeToGround</altitudeMode>
      <coordinates>
        3.2144444444444447,36.693888888888885,50000
        2.0783333333333336,41.29694444444444,0
      </coordinates>
    </LineString>
  </Placemark>
  <Placemark>
    <name>EIDAE</name>
    <description>Origen: LEVX -&gt; LEBL</description>
    <styleUrl>#schengen_line</styleUrl>
    <TimeSpan>
      <begin>2026-05-30T18:16:00Z</begin>
      <end>2026-05-30T23:59:59Z</end>
    </TimeSpan>
    <LineString>
      <altitudeMode>relativeToGround</altitudeMode>
      <coordinates>
        -8.627500000000001,42.22916666666667,50000
        2.0783333333333336,41.29694444444444,0
      </coordinates>
    </LineString>
  </Placemark>
  <Placemark>
    <name>HBJYK</name>
    <description>Origen: LSGG -&gt; LEBL</description>
    <styleUrl>#schengen_line</styleUrl>
    <TimeSpan>
      <begin>2026-05-30T18:17:00Z</begin>
      <end>2026-05-30T23:59:59Z</end>
    </TimeSpan>
    <LineString>
      <altitudeMode>relativeToGround</altitudeMode>
      <coordinates>
        6.109444444444444,46.23833333333334,50000
        2.0783333333333336,41.29694444444444,0
      </coordinates>
    </LineString>
  </Placemark>
  <Placemark>
    <name>HALYG</name>
    <description>Origen: EPKT -&gt; LEBL</description>
    <styleUrl>#schengen_line</styleUrl>
    <TimeSpan>
      <begin>2026-05-30T18:19:00Z</begin>
      <end>2026-05-30T23:59:59Z</end>
    </TimeSpan>
    <LineString>
      <altitudeMode>relativeToGround</altitudeMode>
      <coordinates>
        19.08,50.47416666666667,50000
        2.0783333333333336,41.29694444444444,0
      </coordinates>
    </LineString>
  </Placemark>
  <Placemark>
    <name>GEZBU</name>
    <description>Origen: EGMC -&gt; LEBL</description>
    <styleUrl>#schengen_line</styleUrl>
    <TimeSpan>
      <begin>2026-05-30T18:21:00Z</begin>
      <end>2026-05-30T23:59:59Z</end>
    </TimeSpan>
    <LineString>
      <altitudeMode>relativeToGround</altitudeMode>
      <coordinates>
        0.6933333333333334,51.57027777777778,50000
        2.0783333333333336,41.29694444444444,0
      </coordinates>
    </LineString>
  </Placemark>
  <Placemark>
    <name>OHLZB</name>
    <description>Origen: EFHK -&gt; LEBL</description>
    <styleUrl>#schengen_line</styleUrl>
    <TimeSpan>
      <begin>2026-05-30T18:22:00Z</begin>
      <end>2026-05-30T23:59:59Z</end>
    </TimeSpan>
    <LineString>
      <altitudeMode>relativeToGround</altitudeMode>
      <coordinates>
        24.96333333333333,60.31722222222223,50000
        2.0783333333333336,41.29694444444444,0
      </coordinates>
    </LineString>
  </Placemark>
  <Placemark>
    <name>GEUYC</name>
    <description>Origen: EGLL -&gt; LEBL</description>
    <styleUrl>#schengen_line</styleUrl>
    <TimeSpan>
      <begin>2026-05-30T18:24:00Z</begin>
      <end>2026-05-30T23:59:59Z</end>
    </TimeSpan>
    <LineString>
      <altitudeMode>relativeToGround</altitudeMode>
      <coordinates>
        -0.4613888888888889,51.4775,50000
        2.0783333333333336,41.29694444444444,0
      </coordinates>
    </LineString>
  </Placemark>
  <Placemark>
    <name>HBJYE</name>
    <description>Origen: LFSB -&gt; LEBL</description>
    <styleUrl>#schengen_line</styleUrl>
    <TimeSpan>
      <begin>2026-05-30T18:26:00Z</begin>
      <end>2026-05-30T23:59:59Z</end>
    </TimeSpan>
    <LineString>
      <altitudeMode>relativeToGround</altitudeMode>
      <coordinates>
        7.529166666666667,47.59,50000
        2.0783333333333336,41.29694444444444,0
      </coordinates>
    </LineString>
  </Placemark>
  <Placemark>
    <name>ECMBK</name>
    <description>Origen: LEIB -&gt; LEBL</description>
    <styleUrl>#schengen_line</styleUrl>
    <TimeSpan>
      <begin>2026-05-30T18:28:00Z</begin>
      <end>2026-05-30T23:59:59Z</end>
    </TimeSpan>
    <LineString>
      <altitudeMode>relativeToGround</altitudeMode>
      <coordinates>
        1.3730555555555557,38.87277777777778,50000
        2.0783333333333336,41.29694444444444,0
      </coordinates>
    </LineString>
  </Placemark>
  <Placemark>
    <name>A6EEH</name>
    <description>Origen: OMDB -&gt; LEBL</description>
    <styleUrl>#schengen_line</styleUrl>
    <TimeSpan>
      <begin>2026-05-30T18:30:00Z</begin>
      <end>2026-05-30T23:59:59Z</end>
    </TimeSpan>
    <LineString>
      <altitudeMode>relativeToGround</altitudeMode>
      <coordinates>
        55.36,25.249166666666667,50000
        2.0783333333333336,41.29694444444444,0
      </coordinates>
    </LineString>
  </Placemark>
  <Placemark>
    <name>OELEF</name>
    <description>Origen: LOWW -&gt; LEBL</description>
    <styleUrl>#schengen_line</styleUrl>
    <TimeSpan>
      <begin>2026-05-30T18:33:00Z</begin>
      <end>2026-05-30T23:59:59Z</end>
    </TimeSpan>
    <LineString>
      <altitudeMode>relativeToGround</altitudeMode>
      <coordinates>
        16.56972222222222,48.11027777777778,50000
        2.0783333333333336,41.29694444444444,0
      </coordinates>
    </LineString>
  </Placemark>
  <Placemark>
    <name>OOSSK</name>
    <description>Origen: EBBR -&gt; LEBL</description>
    <styleUrl>#schengen_line</styleUrl>
    <TimeSpan>
      <begin>2026-05-30T18:35:00Z</begin>
      <end>2026-05-30T23:59:59Z</end>
    </TimeSpan>
    <LineString>
      <altitudeMode>relativeToGround</altitudeMode>
      <coordinates>
        4.484444444444445,50.90138888888889,50000
        2.0783333333333336,41.29694444444444,0
      </coordinates>
    </LineString>
  </Placemark>
  <Placemark>
    <name>ECLML</name>
    <description>Origen: LFLL -&gt; LEBL</description>
    <styleUrl>#schengen_line</styleUrl>
    <TimeSpan>
      <begin>2026-05-30T18:36:00Z</begin>
      <end>2026-05-30T23:59:59Z</end>
    </TimeSpan>
    <LineString>
      <altitudeMode>relativeToGround</altitudeMode>
      <coordinates>
        5.0811111111111105,45.72555555555556,50000
        2.0783333333333336,41.29694444444444,0
      </coordinates>
    </LineString>
  </Placemark>
  <Placemark>
    <name>EIEFI</name>
    <description>Origen: EIDW -&gt; LEBL</description>
    <styleUrl>#schengen_line</styleUrl>
    <TimeSpan>
      <begin>2026-05-30T18:39:00Z</begin>
      <end>2026-05-30T23:59:59Z</end>
    </TimeSpan>
    <LineString>
      <altitudeMode>relativeToGround</altitudeMode>
      <coordinates>
        -6.27,53.421388888888885,50000
        2.0783333333333336,41.29694444444444,0
      </coordinates>
    </LineString>
  </Placemark>
  <Placemark>
    <name>HBIJQ</name>
    <description>Origen: LSGG -&gt; LEBL</description>
    <styleUrl>#schengen_line</styleUrl>
    <TimeSpan>
      <begin>2026-05-30T18:42:00Z</begin>
      <end>2026-05-30T23:59:59Z</end>
    </TimeSpan>
    <LineString>
      <altitudeMode>relativeToGround</altitudeMode>
      <coordinates>
        6.109444444444444,46.23833333333334,50000
        2.0783333333333336,41.29694444444444,0
      </coordinates>
    </LineString>
  </Placemark>
  <Placemark>
    <name>GEZFY</name>
    <description>Origen: EGNT -&gt; LEBL</description>
    <styleUrl>#schengen_line</styleUrl>
    <TimeSpan>
      <begin>2026-05-30T18:44:00Z</begin>
      <end>2026-05-30T23:59:59Z</end>
    </TimeSpan>
    <LineString>
      <altitudeMode>relativeToGround</altitudeMode>
      <coordinates>
        -1.6897222222222223,55.03805555555555,50000
        2.0783333333333336,41.29694444444444,0
      </coordinates>
    </LineString>
  </Placemark>
  <Placemark>
    <name>CSTRN</name>
    <description>Origen: ESSA -&gt; LEBL</description>
    <styleUrl>#schengen_line</styleUrl>
    <TimeSpan>
      <begin>2026-05-30T18:46:00Z</begin>
      <end>2026-05-30T23:59:59Z</end>
    </TimeSpan>
    <LineString>
      <altitudeMode>relativeToGround</altitudeMode>
      <coordinates>
        17.91861111111111,59.651944444444446,50000
        2.0783333333333336,41.29694444444444,0
      </coordinates>
    </LineString>
  </Placemark>
  <Placemark>
    <name>EIDHB</name>
    <description>Origen: LEZL -&gt; LEBL</description>
    <styleUrl>#schengen_line</styleUrl>
    <TimeSpan>
      <begin>2026-05-30T18:48:00Z</begin>
      <end>2026-05-30T23:59:59Z</end>
    </TimeSpan>
    <LineString>
      <altitudeMode>relativeToGround</altitudeMode>
      <coordinates>
        -5.898888888888888,37.418055555555554,50000
        2.0783333333333336,41.29694444444444,0
      </coordinates>
    </LineString>
  </Placemark>
  <Placemark>
    <name>FGZHY</name>
    <description>Origen: LFPO -&gt; LEBL</description>
    <styleUrl>#schengen_line</styleUrl>
    <TimeSpan>
      <begin>2026-05-30T18:49:00Z</begin>
      <end>2026-05-30T23:59:59Z</end>
    </TimeSpan>
    <LineString>
      <altitudeMode>relativeToGround</altitudeMode>
      <coordinates>
        2.3794444444444447,48.723333333333336,50000
        2.0783333333333336,41.29694444444444,0
      </coordinates>
    </LineString>
  </Placemark>
  <Placemark>
    <name>EIDHH</name>
    <description>Origen: GCRR -&gt; LEBL</description>
    <styleUrl>#schengen_line</styleUrl>
    <TimeSpan>
      <begin>2026-05-30T18:51:00Z</begin>
      <end>2026-05-30T23:59:59Z</end>
    </TimeSpan>
    <LineString>
      <altitudeMode>relativeToGround</altitudeMode>
      <coordinates>
        -13.605277777777777,28.945555555555554,50000
        2.0783333333333336,41.29694444444444,0
      </coordinates>
    </LineString>
  </Placemark>
  <Placemark>
    <name>ECJBX</name>
    <description>Origen: LEPA -&gt; LEBL</description>
    <styleUrl>#schengen_line</styleUrl>
    <TimeSpan>
      <begin>2026-05-30T18:54:00Z</begin>
      <end>2026-05-30T23:59:59Z</end>
    </TimeSpan>
    <LineString>
      <altitudeMode>relativeToGround</altitudeMode>
      <coordinates>
        2.738888888888889,39.55166666666666,50000
        2.0783333333333336,41.29694444444444,0
      </coordinates>
    </LineString>
  </Placemark>
  <Placemark>
    <name>ECLVS</name>
    <description>Origen: LEMG -&gt; LEBL</description>
    <styleUrl>#schengen_line</styleUrl>
    <TimeSpan>
      <begin>2026-05-30T18:55:00Z</begin>
      <end>2026-05-30T23:59:59Z</end>
    </TimeSpan>
    <LineString>
      <altitudeMode>relativeToGround</altitudeMode>
      <coordinates>
        -4.4991666666666665,36.675,50000
        2.0783333333333336,41.29694444444444,0
      </coordinates>
    </LineString>
  </Placemark>
  <Placemark>
    <name>HALYL</name>
    <description>Origen: LWSK -&gt; LEBL</description>
    <styleUrl>#schengen_line</styleUrl>
    <TimeSpan>
      <begin>2026-05-30T18:57:00Z</begin>
      <end>2026-05-30T23:59:59Z</end>
    </TimeSpan>
    <LineString>
      <altitudeMode>relativeToGround</altitudeMode>
      <coordinates>
        21.62138888888889,41.961666666666666,50000
        2.0783333333333336,41.29694444444444,0
      </coordinates>
    </LineString>
  </Placemark>
  <Placemark>
    <name>EIDWA</name>
    <description>Origen: EGPK -&gt; LEBL</description>
    <styleUrl>#schengen_line</styleUrl>
    <TimeSpan>
      <begin>2026-05-30T18:58:00Z</begin>
      <end>2026-05-30T23:59:59Z</end>
    </TimeSpan>
    <LineString>
      <altitudeMode>relativeToGround</altitudeMode>
      <coordinates>
        -4.594444444444444,55.50944444444445,50000
        2.0783333333333336,41.29694444444444,0
      </coordinates>
    </LineString>
  </Placemark>
  <Placemark>
    <name>ECJPK</name>
    <description>Origen: LEMD -&gt; LEBL</description>
    <styleUrl>#schengen_line</styleUrl>
    <TimeSpan>
      <begin>2026-05-30T19:00:00Z</begin>
      <end>2026-05-30T23:59:59Z</end>
    </TimeSpan>
    <LineString>
      <altitudeMode>relativeToGround</altitudeMode>
      <coordinates>
        -3.560833333333333,40.47222222222222,50000
        2.0783333333333336,41.29694444444444,0
      </coordinates>
    </LineString>
  </Placemark>
  <Placemark>
    <name>ECLST</name>
    <description>Origen: LEMH -&gt; LEBL</description>
    <styleUrl>#schengen_line</styleUrl>
    <TimeSpan>
      <begin>2026-05-30T19:03:00Z</begin>
      <end>2026-05-30T23:59:59Z</end>
    </TimeSpan>
    <LineString>
      <altitudeMode>relativeToGround</altitudeMode>
      <coordinates>
        4.2186111111111115,39.862500000000004,50000
        2.0783333333333336,41.29694444444444,0
      </coordinates>
    </LineString>
  </Placemark>
  <Placemark>
    <name>ECLOB</name>
    <description>Origen: EHAM -&gt; LEBL</description>
    <styleUrl>#schengen_line</styleUrl>
    <TimeSpan>
      <begin>2026-05-30T19:05:00Z</begin>
      <end>2026-05-30T23:59:59Z</end>
    </TimeSpan>
    <LineString>
      <altitudeMode>relativeToGround</altitudeMode>
      <coordinates>
        4.764166666666667,52.308055555555555,50000
        2.0783333333333336,41.29694444444444,0
      </coordinates>
    </LineString>
  </Placemark>
  <Placemark>
    <name>ECJTQ</name>
    <description>Origen: LEVD -&gt; LEBL</description>
    <styleUrl>#schengen_line</styleUrl>
    <TimeSpan>
      <begin>2026-05-30T19:07:00Z</begin>
      <end>2026-05-30T23:59:59Z</end>
    </TimeSpan>
    <LineString>
      <altitudeMode>relativeToGround</altitudeMode>
      <coordinates>
        -4.851944444444444,41.70611111111111,50000
        2.0783333333333336,41.29694444444444,0
      </coordinates>
    </LineString>
  </Placemark>
  <Placemark>
    <name>GEZFG</name>
    <description>Origen: EGGP -&gt; LEBL</description>
    <styleUrl>#schengen_line</styleUrl>
    <TimeSpan>
      <begin>2026-05-30T19:09:00Z</begin>
      <end>2026-05-30T23:59:59Z</end>
    </TimeSpan>
    <LineString>
      <altitudeMode>relativeToGround</altitudeMode>
      <coordinates>
        -2.8497222222222223,53.33361111111111,50000
        2.0783333333333336,41.29694444444444,0
      </coordinates>
    </LineString>
  </Placemark>
  <Placemark>
    <name>EIDLH</name>
    <description>Origen: GCLP -&gt; LEBL</description>
    <styleUrl>#schengen_line</styleUrl>
    <TimeSpan>
      <begin>2026-05-30T19:11:00Z</begin>
      <end>2026-05-30T23:59:59Z</end>
    </TimeSpan>
    <LineString>
      <altitudeMode>relativeToGround</altitudeMode>
      <coordinates>
        -15.386666666666667,27.931944444444447,50000
        2.0783333333333336,41.29694444444444,0
      </coordinates>
    </LineString>
  </Placemark>
  <Placemark>
    <name>ECJGM</name>
    <description>Origen: LEMD -&gt; LEBL</description>
    <styleUrl>#schengen_line</styleUrl>
    <TimeSpan>
      <begin>2026-05-30T19:13:00Z</begin>
      <end>2026-05-30T23:59:59Z</end>
    </TimeSpan>
    <LineString>
      <altitudeMode>relativeToGround</altitudeMode>
      <coordinates>
        -3.560833333333333,40.47222222222222,50000
        2.0783333333333336,41.29694444444444,0
      </coordinates>
    </LineString>
  </Placemark>
  <Placemark>
    <name>CSTTN</name>
    <description>Origen: LPPT -&gt; LEBL</description>
    <styleUrl>#schengen_line</styleUrl>
    <TimeSpan>
      <begin>2026-05-30T19:15:00Z</begin>
      <end>2026-05-30T23:59:59Z</end>
    </TimeSpan>
    <LineString>
      <altitudeMode>relativeToGround</altitudeMode>
      <coordinates>
        -9.134166666666665,38.774166666666666,50000
        2.0783333333333336,41.29694444444444,0
      </coordinates>
    </LineString>
  </Placemark>
  <Placemark>
    <name>HALYO</name>
    <description>Origen: LBSF -&gt; LEBL</description>
    <styleUrl>#schengen_line</styleUrl>
    <TimeSpan>
      <begin>2026-05-30T19:16:00Z</begin>
      <end>2026-05-30T23:59:59Z</end>
    </TimeSpan>
    <LineString>
      <altitudeMode>relativeToGround</altitudeMode>
      <coordinates>
        23.40833333333333,42.69499999999999,50000
        2.0783333333333336,41.29694444444444,0
      </coordinates>
    </LineString>
  </Placemark>
  <Placemark>
    <name>ECLZO</name>
    <description>Origen: EKCH -&gt; LEBL</description>
    <styleUrl>#schengen_line</styleUrl>
    <TimeSpan>
      <begin>2026-05-30T19:17:00Z</begin>
      <end>2026-05-30T23:59:59Z</end>
    </TimeSpan>
    <LineString>
      <altitudeMode>relativeToGround</altitudeMode>
      <coordinates>
        12.65611111111111,55.61805555555556,50000
        2.0783333333333336,41.29694444444444,0
      </coordinates>
    </LineString>
  </Placemark>
  <Placemark>
    <name>N900AL</name>
    <description>Origen: HTDA -&gt; LEBL</description>
    <styleUrl>#schengen_line</styleUrl>
    <TimeSpan>
      <begin>2026-05-30T19:20:00Z</begin>
      <end>2026-05-30T23:59:59Z</end>
    </TimeSpan>
    <LineString>
      <altitudeMode>relativeToGround</altitudeMode>
      <coordinates>
        39.20333333333333,-6.875555555555556,50000
        2.0783333333333336,41.29694444444444,0
      </coordinates>
    </LineString>
  </Placemark>
  <Placemark>
    <name>DAIRB</name>
    <description>Origen: EDDM -&gt; LEBL</description>
    <styleUrl>#schengen_line</styleUrl>
    <TimeSpan>
      <begin>2026-05-30T19:22:00Z</begin>
      <end>2026-05-30T23:59:59Z</end>
    </TimeSpan>
    <LineString>
      <altitudeMode>relativeToGround</altitudeMode>
      <coordinates>
        11.786111111111111,48.35388888888889,50000
        2.0783333333333336,41.29694444444444,0
      </coordinates>
    </LineString>
  </Placemark>
  <Placemark>
    <name>GEZIZ</name>
    <description>Origen: LIMC -&gt; LEBL</description>
    <styleUrl>#schengen_line</styleUrl>
    <TimeSpan>
      <begin>2026-05-30T19:24:00Z</begin>
      <end>2026-05-30T23:59:59Z</end>
    </TimeSpan>
    <LineString>
      <altitudeMode>relativeToGround</altitudeMode>
      <coordinates>
        8.723055555555556,45.63,50000
        2.0783333333333336,41.29694444444444,0
      </coordinates>
    </LineString>
  </Placemark>
  <Placemark>
    <name>ECMKT</name>
    <description>Origen: EFHK -&gt; LEBL</description>
    <styleUrl>#schengen_line</styleUrl>
    <TimeSpan>
      <begin>2026-05-30T19:25:00Z</begin>
      <end>2026-05-30T23:59:59Z</end>
    </TimeSpan>
    <LineString>
      <altitudeMode>relativeToGround</altitudeMode>
      <coordinates>
        24.96333333333333,60.31722222222223,50000
        2.0783333333333336,41.29694444444444,0
      </coordinates>
    </LineString>
  </Placemark>
  <Placemark>
    <name>EIFIN</name>
    <description>Origen: EGCC -&gt; LEBL</description>
    <styleUrl>#schengen_line</styleUrl>
    <TimeSpan>
      <begin>2026-05-30T19:27:00Z</begin>
      <end>2026-05-30T23:59:59Z</end>
    </TimeSpan>
    <LineString>
      <altitudeMode>relativeToGround</altitudeMode>
      <coordinates>
        -2.275,53.35388888888889,50000
        2.0783333333333336,41.29694444444444,0
      </coordinates>
    </LineString>
  </Placemark>
  <Placemark>
    <name>ECMJZ</name>
    <description>Origen: LELN -&gt; LEBL</description>
    <styleUrl>#schengen_line</styleUrl>
    <TimeSpan>
      <begin>2026-05-30T19:29:00Z</begin>
      <end>2026-05-30T23:59:59Z</end>
    </TimeSpan>
    <LineString>
      <altitudeMode>relativeToGround</altitudeMode>
      <coordinates>
        -5.6561111111111115,42.58861111111111,50000
        2.0783333333333336,41.29694444444444,0
      </coordinates>
    </LineString>
  </Placemark>
  <Placemark>
    <name>ECMBT</name>
    <description>Origen: LEAS -&gt; LEBL</description>
    <styleUrl>#schengen_line</styleUrl>
    <TimeSpan>
      <begin>2026-05-30T19:30:00Z</begin>
      <end>2026-05-30T23:59:59Z</end>
    </TimeSpan>
    <LineString>
      <altitudeMode>relativeToGround</altitudeMode>
      <coordinates>
        -6.034722222222222,43.56361111111111,50000
        2.0783333333333336,41.29694444444444,0
      </coordinates>
    </LineString>
  </Placemark>
  <Placemark>
    <name>ECKHN</name>
    <description>Origen: LFPO -&gt; LEBL</description>
    <styleUrl>#schengen_line</styleUrl>
    <TimeSpan>
      <begin>2026-05-30T19:32:00Z</begin>
      <end>2026-05-30T23:59:59Z</end>
    </TimeSpan>
    <LineString>
      <altitudeMode>relativeToGround</altitudeMode>
      <coordinates>
        2.3794444444444447,48.723333333333336,50000
        2.0783333333333336,41.29694444444444,0
      </coordinates>
    </LineString>
  </Placemark>
  <Placemark>
    <name>EIENG</name>
    <description>Origen: LIPE -&gt; LEBL</description>
    <styleUrl>#schengen_line</styleUrl>
    <TimeSpan>
      <begin>2026-05-30T19:33:00Z</begin>
      <end>2026-05-30T23:59:59Z</end>
    </TimeSpan>
    <LineString>
      <altitudeMode>relativeToGround</altitudeMode>
      <coordinates>
        11.296944444444444,44.530833333333334,50000
        2.0783333333333336,41.29694444444444,0
      </coordinates>
    </LineString>
  </Placemark>
  <Placemark>
    <name>GDBCI</name>
    <description>Origen: EGKK -&gt; LEBL</description>
    <styleUrl>#schengen_line</styleUrl>
    <TimeSpan>
      <begin>2026-05-30T19:36:00Z</begin>
      <end>2026-05-30T23:59:59Z</end>
    </TimeSpan>
    <LineString>
      <altitudeMode>relativeToGround</altitudeMode>
      <coordinates>
        -0.19027777777777777,51.14805555555556,50000
        2.0783333333333336,41.29694444444444,0
      </coordinates>
    </LineString>
  </Placemark>
  <Placemark>
    <name>EIFHS</name>
    <description>Origen: ENGM -&gt; LEBL</description>
    <styleUrl>#schengen_line</styleUrl>
    <TimeSpan>
      <begin>2026-05-30T19:37:00Z</begin>
      <end>2026-05-30T23:59:59Z</end>
    </TimeSpan>
    <LineString>
      <altitudeMode>relativeToGround</altitudeMode>
      <coordinates>
        11.08388888888889,60.20277777777778,50000
        2.0783333333333336,41.29694444444444,0
      </coordinates>
    </LineString>
  </Placemark>
  <Placemark>
    <name>GEZIK</name>
    <description>Origen: EGGD -&gt; LEBL</description>
    <styleUrl>#schengen_line</styleUrl>
    <TimeSpan>
      <begin>2026-05-30T19:39:00Z</begin>
      <end>2026-05-30T23:59:59Z</end>
    </TimeSpan>
    <LineString>
      <altitudeMode>relativeToGround</altitudeMode>
      <coordinates>
        -2.7191666666666667,51.382777777777775,50000
        2.0783333333333336,41.29694444444444,0
      </coordinates>
    </LineString>
  </Placemark>
  <Placemark>
    <name>ECMBS</name>
    <description>Origen: LEZL -&gt; LEBL</description>
    <styleUrl>#schengen_line</styleUrl>
    <TimeSpan>
      <begin>2026-05-30T19:40:00Z</begin>
      <end>2026-05-30T23:59:59Z</end>
    </TimeSpan>
    <LineString>
      <altitudeMode>relativeToGround</altitudeMode>
      <coordinates>
        -5.898888888888888,37.418055555555554,50000
        2.0783333333333336,41.29694444444444,0
      </coordinates>
    </LineString>
  </Placemark>
  <Placemark>
    <name>EIENL</name>
    <description>Origen: LEJR -&gt; LEBL</description>
    <styleUrl>#schengen_line</styleUrl>
    <TimeSpan>
      <begin>2026-05-30T19:42:00Z</begin>
      <end>2026-05-30T23:59:59Z</end>
    </TimeSpan>
    <LineString>
      <altitudeMode>relativeToGround</altitudeMode>
      <coordinates>
        -6.06,36.74472222222222,50000
        2.0783333333333336,41.29694444444444,0
      </coordinates>
    </LineString>
  </Placemark>
  <Placemark>
    <name>ECLXV</name>
    <description>Origen: LEPA -&gt; LEBL</description>
    <styleUrl>#schengen_line</styleUrl>
    <TimeSpan>
      <begin>2026-05-30T19:43:00Z</begin>
      <end>2026-05-30T23:59:59Z</end>
    </TimeSpan>
    <LineString>
      <altitudeMode>relativeToGround</altitudeMode>
      <coordinates>
        2.738888888888889,39.55166666666666,50000
        2.0783333333333336,41.29694444444444,0
      </coordinates>
    </LineString>
  </Placemark>
  <Placemark>
    <name>ECLGV</name>
    <description>Origen: LEMD -&gt; LEBL</description>
    <styleUrl>#schengen_line</styleUrl>
    <TimeSpan>
      <begin>2026-05-30T19:45:00Z</begin>
      <end>2026-05-30T23:59:59Z</end>
    </TimeSpan>
    <LineString>
      <altitudeMode>relativeToGround</altitudeMode>
      <coordinates>
        -3.560833333333333,40.47222222222222,50000
        2.0783333333333336,41.29694444444444,0
      </coordinates>
    </LineString>
  </Placemark>
  <Placemark>
    <name>LYVEO</name>
    <description>Origen: LFPG -&gt; LEBL</description>
    <styleUrl>#schengen_line</styleUrl>
    <TimeSpan>
      <begin>2026-05-30T19:47:00Z</begin>
      <end>2026-05-30T23:59:59Z</end>
    </TimeSpan>
    <LineString>
      <altitudeMode>relativeToGround</altitudeMode>
      <coordinates>
        2.5477777777777777,49.00972222222222,50000
        2.0783333333333336,41.29694444444444,0
      </coordinates>
    </LineString>
  </Placemark>
  <Placemark>
    <name>N327UP</name>
    <description>Origen: LEVC -&gt; LEBL</description>
    <styleUrl>#schengen_line</styleUrl>
    <TimeSpan>
      <begin>2026-05-30T19:48:00Z</begin>
      <end>2026-05-30T23:59:59Z</end>
    </TimeSpan>
    <LineString>
      <altitudeMode>relativeToGround</altitudeMode>
      <coordinates>
        -0.4816666666666667,39.489444444444445,50000
        2.0783333333333336,41.29694444444444,0
      </coordinates>
    </LineString>
  </Placemark>
  <Placemark>
    <name>EIDLC</name>
    <description>Origen: LPPR -&gt; LEBL</description>
    <styleUrl>#schengen_line</styleUrl>
    <TimeSpan>
      <begin>2026-05-30T19:50:00Z</begin>
      <end>2026-05-30T23:59:59Z</end>
    </TimeSpan>
    <LineString>
      <altitudeMode>relativeToGround</altitudeMode>
      <coordinates>
        -8.678055555555554,41.23555555555556,50000
        2.0783333333333336,41.29694444444444,0
      </coordinates>
    </LineString>
  </Placemark>
  <Placemark>
    <name>TFBRO</name>
    <description>Origen: BIKF -&gt; LEBL</description>
    <styleUrl>#schengen_line</styleUrl>
    <TimeSpan>
      <begin>2026-05-30T19:52:00Z</begin>
      <end>2026-05-30T23:59:59Z</end>
    </TimeSpan>
    <LineString>
      <altitudeMode>relativeToGround</altitudeMode>
      <coordinates>
        -22.605555555555558,63.985,50000
        2.0783333333333336,41.29694444444444,0
      </coordinates>
    </LineString>
  </Placemark>
  <Placemark>
    <name>EIDPG</name>
    <description>Origen: LEPA -&gt; LEBL</description>
    <styleUrl>#schengen_line</styleUrl>
    <TimeSpan>
      <begin>2026-05-30T19:53:00Z</begin>
      <end>2026-05-30T23:59:59Z</end>
    </TimeSpan>
    <LineString>
      <altitudeMode>relativeToGround</altitudeMode>
      <coordinates>
        2.738888888888889,39.55166666666666,50000
        2.0783333333333336,41.29694444444444,0
      </coordinates>
    </LineString>
  </Placemark>
  <Placemark>
    <name>ECJFN</name>
    <description>Origen: LEMD -&gt; LEBL</description>
    <styleUrl>#schengen_line</styleUrl>
    <TimeSpan>
      <begin>2026-05-30T19:55:00Z</begin>
      <end>2026-05-30T23:59:59Z</end>
    </TimeSpan>
    <LineString>
      <altitudeMode>relativeToGround</altitudeMode>
      <coordinates>
        -3.560833333333333,40.47222222222222,50000
        2.0783333333333336,41.29694444444444,0
      </coordinates>
    </LineString>
  </Placemark>
  <Placemark>
    <name>ECLQL</name>
    <description>Origen: EGLL -&gt; LEBL</description>
    <styleUrl>#schengen_line</styleUrl>
    <TimeSpan>
      <begin>2026-05-30T19:56:00Z</begin>
      <end>2026-05-30T23:59:59Z</end>
    </TimeSpan>
    <LineString>
      <altitudeMode>relativeToGround</altitudeMode>
      <coordinates>
        -0.4613888888888889,51.4775,50000
        2.0783333333333336,41.29694444444444,0
      </coordinates>
    </LineString>
  </Placemark>
  <Placemark>
    <name>EIDEE</name>
    <description>Origen: EIDW -&gt; LEBL</description>
    <styleUrl>#schengen_line</styleUrl>
    <TimeSpan>
      <begin>2026-05-30T19:58:00Z</begin>
      <end>2026-05-30T23:59:59Z</end>
    </TimeSpan>
    <LineString>
      <altitudeMode>relativeToGround</altitudeMode>
      <coordinates>
        -6.27,53.421388888888885,50000
        2.0783333333333336,41.29694444444444,0
      </coordinates>
    </LineString>
  </Placemark>
  <Placemark>
    <name>ECLVA</name>
    <description>Origen: LIRF -&gt; LEBL</description>
    <styleUrl>#schengen_line</styleUrl>
    <TimeSpan>
      <begin>2026-05-30T19:59:00Z</begin>
      <end>2026-05-30T23:59:59Z</end>
    </TimeSpan>
    <LineString>
      <altitudeMode>relativeToGround</altitudeMode>
      <coordinates>
        12.238888888888889,41.80027777777777,50000
        2.0783333333333336,41.29694444444444,0
      </coordinates>
    </LineString>
  </Placemark>
  <Placemark>
    <name>ECMGF</name>
    <description>Origen: EDDF -&gt; LEBL</description>
    <styleUrl>#schengen_line</styleUrl>
    <TimeSpan>
      <begin>2026-05-30T20:01:00Z</begin>
      <end>2026-05-30T23:59:59Z</end>
    </TimeSpan>
    <LineString>
      <altitudeMode>relativeToGround</altitudeMode>
      <coordinates>
        8.570555555555556,50.03333333333333,50000
        2.0783333333333336,41.29694444444444,0
      </coordinates>
    </LineString>
  </Placemark>
  <Placemark>
    <name>CNNMH</name>
    <description>Origen: GMTT -&gt; LEBL</description>
    <styleUrl>#schengen_line</styleUrl>
    <TimeSpan>
      <begin>2026-05-30T20:02:00Z</begin>
      <end>2026-05-30T23:59:59Z</end>
    </TimeSpan>
    <LineString>
      <altitudeMode>relativeToGround</altitudeMode>
      <coordinates>
        -5.921111111111111,35.73166666666667,50000
        2.0783333333333336,41.29694444444444,0
      </coordinates>
    </LineString>
  </Placemark>
  <Placemark>
    <name>ECMKM</name>
    <description>Origen: LPPR -&gt; LEBL</description>
    <styleUrl>#schengen_line</styleUrl>
    <TimeSpan>
      <begin>2026-05-30T20:05:00Z</begin>
      <end>2026-05-30T23:59:59Z</end>
    </TimeSpan>
    <LineString>
      <altitudeMode>relativeToGround</altitudeMode>
      <coordinates>
        -8.678055555555554,41.23555555555556,50000
        2.0783333333333336,41.29694444444444,0
      </coordinates>
    </LineString>
  </Placemark>
  <Placemark>
    <name>ECLUN</name>
    <description>Origen: LEBB -&gt; LEBL</description>
    <styleUrl>#schengen_line</styleUrl>
    <TimeSpan>
      <begin>2026-05-30T20:06:00Z</begin>
      <end>2026-05-30T23:59:59Z</end>
    </TimeSpan>
    <LineString>
      <altitudeMode>relativeToGround</altitudeMode>
      <coordinates>
        -2.9105555555555553,43.301111111111105,50000
        2.0783333333333336,41.29694444444444,0
      </coordinates>
    </LineString>
  </Placemark>
  <Placemark>
    <name>ERAXP</name>
    <description>Origen: LUKK -&gt; LEBL</description>
    <styleUrl>#schengen_line</styleUrl>
    <TimeSpan>
      <begin>2026-05-30T20:13:00Z</begin>
      <end>2026-05-30T23:59:59Z</end>
    </TimeSpan>
    <LineString>
      <altitudeMode>relativeToGround</altitudeMode>
      <coordinates>
        28.930833333333336,46.92777777777778,50000
        2.0783333333333336,41.29694444444444,0
      </coordinates>
    </LineString>
  </Placemark>
  <Placemark>
    <name>ECMLE</name>
    <description>Origen: LEMH -&gt; LEBL</description>
    <styleUrl>#schengen_line</styleUrl>
    <TimeSpan>
      <begin>2026-05-30T20:15:00Z</begin>
      <end>2026-05-30T23:59:59Z</end>
    </TimeSpan>
    <LineString>
      <altitudeMode>relativeToGround</altitudeMode>
      <coordinates>
        4.2186111111111115,39.862500000000004,50000
        2.0783333333333336,41.29694444444444,0
      </coordinates>
    </LineString>
  </Placemark>
  <Placemark>
    <name>EIFJL</name>
    <description>Origen: EKBI -&gt; LEBL</description>
    <styleUrl>#schengen_line</styleUrl>
    <TimeSpan>
      <begin>2026-05-30T20:17:00Z</begin>
      <end>2026-05-30T23:59:59Z</end>
    </TimeSpan>
    <LineString>
      <altitudeMode>relativeToGround</altitudeMode>
      <coordinates>
        9.151666666666667,55.74027777777778,50000
        2.0783333333333336,41.29694444444444,0
      </coordinates>
    </LineString>
  </Placemark>
  <Placemark>
    <name>ECKMI</name>
    <description>Origen: LEMD -&gt; LEBL</description>
    <styleUrl>#schengen_line</styleUrl>
    <TimeSpan>
      <begin>2026-05-30T20:19:00Z</begin>
      <end>2026-05-30T23:59:59Z</end>
    </TimeSpan>
    <LineString>
      <altitudeMode>relativeToGround</altitudeMode>
      <coordinates>
        -3.560833333333333,40.47222222222222,50000
        2.0783333333333336,41.29694444444444,0
      </coordinates>
    </LineString>
  </Placemark>
  <Placemark>
    <name>GEZUM</name>
    <description>Origen: LFLL -&gt; LEBL</description>
    <styleUrl>#schengen_line</styleUrl>
    <TimeSpan>
      <begin>2026-05-30T20:25:00Z</begin>
      <end>2026-05-30T23:59:59Z</end>
    </TimeSpan>
    <LineString>
      <altitudeMode>relativeToGround</altitudeMode>
      <coordinates>
        5.0811111111111105,45.72555555555556,50000
        2.0783333333333336,41.29694444444444,0
      </coordinates>
    </LineString>
  </Placemark>
  <Placemark>
    <name>HBION</name>
    <description>Origen: LSZH -&gt; LEBL</description>
    <styleUrl>#schengen_line</styleUrl>
    <TimeSpan>
      <begin>2026-05-30T20:27:00Z</begin>
      <end>2026-05-30T23:59:59Z</end>
    </TimeSpan>
    <LineString>
      <altitudeMode>relativeToGround</altitudeMode>
      <coordinates>
        8.548055555555555,47.45805555555556,50000
        2.0783333333333336,41.29694444444444,0
      </coordinates>
    </LineString>
  </Placemark>
  <Placemark>
    <name>ECLZF</name>
    <description>Origen: LEAL -&gt; LEBL</description>
    <styleUrl>#schengen_line</styleUrl>
    <TimeSpan>
      <begin>2026-05-30T20:29:00Z</begin>
      <end>2026-05-30T23:59:59Z</end>
    </TimeSpan>
    <LineString>
      <altitudeMode>relativeToGround</altitudeMode>
      <coordinates>
        -0.5580555555555556,38.282222222222224,50000
        2.0783333333333336,41.29694444444444,0
      </coordinates>
    </LineString>
  </Placemark>
  <Placemark>
    <name>TCICT</name>
    <description>Origen: LEIB -&gt; LEBL</description>
    <styleUrl>#schengen_line</styleUrl>
    <TimeSpan>
      <begin>2026-05-30T20:31:00Z</begin>
      <end>2026-05-30T23:59:59Z</end>
    </TimeSpan>
    <LineString>
      <altitudeMode>relativeToGround</altitudeMode>
      <coordinates>
        1.3730555555555557,38.87277777777778,50000
        2.0783333333333336,41.29694444444444,0
      </coordinates>
    </LineString>
  </Placemark>
  <Placemark>
    <name>ECLAA</name>
    <description>Origen: LEST -&gt; LEBL</description>
    <styleUrl>#schengen_line</styleUrl>
    <TimeSpan>
      <begin>2026-05-30T20:32:00Z</begin>
      <end>2026-05-30T23:59:59Z</end>
    </TimeSpan>
    <LineString>
      <altitudeMode>relativeToGround</altitudeMode>
      <coordinates>
        -8.415277777777778,42.896388888888886,50000
        2.0783333333333336,41.29694444444444,0
      </coordinates>
    </LineString>
  </Placemark>
  <Placemark>
    <name>EIFJK</name>
    <description>Origen: EGKK -&gt; LEBL</description>
    <styleUrl>#schengen_line</styleUrl>
    <TimeSpan>
      <begin>2026-05-30T20:34:00Z</begin>
      <end>2026-05-30T23:59:59Z</end>
    </TimeSpan>
    <LineString>
      <altitudeMode>relativeToGround</altitudeMode>
      <coordinates>
        -0.19027777777777777,51.14805555555556,50000
        2.0783333333333336,41.29694444444444,0
      </coordinates>
    </LineString>
  </Placemark>
  <Placemark>
    <name>YRBGA</name>
    <description>Origen: LROP -&gt; LEBL</description>
    <styleUrl>#schengen_line</styleUrl>
    <TimeSpan>
      <begin>2026-05-30T20:37:00Z</begin>
      <end>2026-05-30T23:59:59Z</end>
    </TimeSpan>
    <LineString>
      <altitudeMode>relativeToGround</altitudeMode>
      <coordinates>
        26.084999999999997,44.571111111111115,50000
        2.0783333333333336,41.29694444444444,0
      </coordinates>
    </LineString>
  </Placemark>
  <Placemark>
    <name>TCJRF</name>
    <description>Origen: LTBA -&gt; LEBL</description>
    <styleUrl>#schengen_line</styleUrl>
    <TimeSpan>
      <begin>2026-05-30T20:39:00Z</begin>
      <end>2026-05-30T23:59:59Z</end>
    </TimeSpan>
    <LineString>
      <altitudeMode>relativeToGround</altitudeMode>
      <coordinates>
        28.81416666666667,40.976111111111116,50000
        2.0783333333333336,41.29694444444444,0
      </coordinates>
    </LineString>
  </Placemark>
  <Placemark>
    <name>DCALL</name>
    <description>Origen: LIEE -&gt; LEBL</description>
    <styleUrl>#schengen_line</styleUrl>
    <TimeSpan>
      <begin>2026-05-30T20:41:00Z</begin>
      <end>2026-05-30T23:59:59Z</end>
    </TimeSpan>
    <LineString>
      <altitudeMode>relativeToGround</altitudeMode>
      <coordinates>
        9.056111111111111,39.24722222222222,50000
        2.0783333333333336,41.29694444444444,0
      </coordinates>
    </LineString>
  </Placemark>
  <Placemark>
    <name>ECLRY</name>
    <description>Origen: EDDM -&gt; LEBL</description>
    <styleUrl>#schengen_line</styleUrl>
    <TimeSpan>
      <begin>2026-05-30T20:41:00Z</begin>
      <end>2026-05-30T23:59:59Z</end>
    </TimeSpan>
    <LineString>
      <altitudeMode>relativeToGround</altitudeMode>
      <coordinates>
        11.786111111111111,48.35388888888889,50000
        2.0783333333333336,41.29694444444444,0
      </coordinates>
    </LineString>
  </Placemark>
  <Placemark>
    <name>ECKCU</name>
    <description>Origen: LIRF -&gt; LEBL</description>
    <styleUrl>#schengen_line</styleUrl>
    <TimeSpan>
      <begin>2026-05-30T20:43:00Z</begin>
      <end>2026-05-30T23:59:59Z</end>
    </TimeSpan>
    <LineString>
      <altitudeMode>relativeToGround</altitudeMode>
      <coordinates>
        12.238888888888889,41.80027777777777,50000
        2.0783333333333336,41.29694444444444,0
      </coordinates>
    </LineString>
  </Placemark>
  <Placemark>
    <name>EIDAM</name>
    <description>Origen: EIDW -&gt; LEBL</description>
    <styleUrl>#schengen_line</styleUrl>
    <TimeSpan>
      <begin>2026-05-30T20:44:00Z</begin>
      <end>2026-05-30T23:59:59Z</end>
    </TimeSpan>
    <LineString>
      <altitudeMode>relativeToGround</altitudeMode>
      <coordinates>
        -6.27,53.421388888888885,50000
        2.0783333333333336,41.29694444444444,0
      </coordinates>
    </LineString>
  </Placemark>
  <Placemark>
    <name>ECMIR</name>
    <description>Origen: LIRQ -&gt; LEBL</description>
    <styleUrl>#schengen_line</styleUrl>
    <TimeSpan>
      <begin>2026-05-30T20:47:00Z</begin>
      <end>2026-05-30T23:59:59Z</end>
    </TimeSpan>
    <LineString>
      <altitudeMode>relativeToGround</altitudeMode>
      <coordinates>
        11.202777777777778,43.808611111111105,50000
        2.0783333333333336,41.29694444444444,0
      </coordinates>
    </LineString>
  </Placemark>
  <Placemark>
    <name>PHBXK</name>
    <description>Origen: EHAM -&gt; LEBL</description>
    <styleUrl>#schengen_line</styleUrl>
    <TimeSpan>
      <begin>2026-05-30T20:48:00Z</begin>
      <end>2026-05-30T23:59:59Z</end>
    </TimeSpan>
    <LineString>
      <altitudeMode>relativeToGround</altitudeMode>
      <coordinates>
        4.764166666666667,52.308055555555555,50000
        2.0783333333333336,41.29694444444444,0
      </coordinates>
    </LineString>
  </Placemark>
  <Placemark>
    <name>EIENO</name>
    <description>Origen: LHBP -&gt; LEBL</description>
    <styleUrl>#schengen_line</styleUrl>
    <TimeSpan>
      <begin>2026-05-30T20:49:00Z</begin>
      <end>2026-05-30T23:59:59Z</end>
    </TimeSpan>
    <LineString>
      <altitudeMode>relativeToGround</altitudeMode>
      <coordinates>
        19.261944444444445,47.43944444444444,50000
        2.0783333333333336,41.29694444444444,0
      </coordinates>
    </LineString>
  </Placemark>
  <Placemark>
    <name>GEUUG</name>
    <description>Origen: EGLL -&gt; LEBL</description>
    <styleUrl>#schengen_line</styleUrl>
    <TimeSpan>
      <begin>2026-05-30T20:51:00Z</begin>
      <end>2026-05-30T23:59:59Z</end>
    </TimeSpan>
    <LineString>
      <altitudeMode>relativeToGround</altitudeMode>
      <coordinates>
        -0.4613888888888889,51.4775,50000
        2.0783333333333336,41.29694444444444,0
      </coordinates>
    </LineString>
  </Placemark>
  <Placemark>
    <name>ECHHA</name>
    <description>Origen: LSZH -&gt; LEBL</description>
    <styleUrl>#schengen_line</styleUrl>
    <TimeSpan>
      <begin>2026-05-30T20:52:00Z</begin>
      <end>2026-05-30T23:59:59Z</end>
    </TimeSpan>
    <LineString>
      <altitudeMode>relativeToGround</altitudeMode>
      <coordinates>
        8.548055555555555,47.45805555555556,50000
        2.0783333333333336,41.29694444444444,0
      </coordinates>
    </LineString>
  </Placemark>
  <Placemark>
    <name>ECMHB</name>
    <description>Origen: EGKK -&gt; LEBL</description>
    <styleUrl>#schengen_line</styleUrl>
    <TimeSpan>
      <begin>2026-05-30T20:53:00Z</begin>
      <end>2026-05-30T23:59:59Z</end>
    </TimeSpan>
    <LineString>
      <altitudeMode>relativeToGround</altitudeMode>
      <coordinates>
        -0.19027777777777777,51.14805555555556,50000
        2.0783333333333336,41.29694444444444,0
      </coordinates>
    </LineString>
  </Placemark>
  <Placemark>
    <name>ECMFL</name>
    <description>Origen: LFPO -&gt; LEBL</description>
    <styleUrl>#schengen_line</styleUrl>
    <TimeSpan>
      <begin>2026-05-30T20:55:00Z</begin>
      <end>2026-05-30T23:59:59Z</end>
    </TimeSpan>
    <LineString>
      <altitudeMode>relativeToGround</altitudeMode>
      <coordinates>
        2.3794444444444447,48.723333333333336,50000
        2.0783333333333336,41.29694444444444,0
      </coordinates>
    </LineString>
  </Placemark>
  <Placemark>
    <name>ECLVP</name>
    <description>Origen: LEMD -&gt; LEBL</description>
    <styleUrl>#schengen_line</styleUrl>
    <TimeSpan>
      <begin>2026-05-30T20:57:00Z</begin>
      <end>2026-05-30T23:59:59Z</end>
    </TimeSpan>
    <LineString>
      <altitudeMode>relativeToGround</altitudeMode>
      <coordinates>
        -3.560833333333333,40.47222222222222,50000
        2.0783333333333336,41.29694444444444,0
      </coordinates>
    </LineString>
  </Placemark>
  <Placemark>
    <name>ECLUT</name>
    <description>Origen: LEMH -&gt; LEBL</description>
    <styleUrl>#schengen_line</styleUrl>
    <TimeSpan>
      <begin>2026-05-30T21:00:00Z</begin>
      <end>2026-05-30T23:59:59Z</end>
    </TimeSpan>
    <LineString>
      <altitudeMode>relativeToGround</altitudeMode>
      <coordinates>
        4.2186111111111115,39.862500000000004,50000
        2.0783333333333336,41.29694444444444,0
      </coordinates>
    </LineString>
  </Placemark>
  <Placemark>
    <name>ECJFF</name>
    <description>Origen: LDDU -&gt; LEBL</description>
    <styleUrl>#schengen_line</styleUrl>
    <TimeSpan>
      <begin>2026-05-30T21:02:00Z</begin>
      <end>2026-05-30T23:59:59Z</end>
    </TimeSpan>
    <LineString>
      <altitudeMode>relativeToGround</altitudeMode>
      <coordinates>
        18.26833333333333,42.561388888888885,50000
        2.0783333333333336,41.29694444444444,0
      </coordinates>
    </LineString>
  </Placemark>
  <Placemark>
    <name>ECLZE</name>
    <description>Origen: LEMG -&gt; LEBL</description>
    <styleUrl>#schengen_line</styleUrl>
    <TimeSpan>
      <begin>2026-05-30T21:04:00Z</begin>
      <end>2026-05-30T23:59:59Z</end>
    </TimeSpan>
    <LineString>
      <altitudeMode>relativeToGround</altitudeMode>
      <coordinates>
        -4.4991666666666665,36.675,50000
        2.0783333333333336,41.29694444444444,0
      </coordinates>
    </LineString>
  </Placemark>
  <Placemark>
    <name>FGKXR</name>
    <description>Origen: LFPG -&gt; LEBL</description>
    <styleUrl>#schengen_line</styleUrl>
    <TimeSpan>
      <begin>2026-05-30T21:06:00Z</begin>
      <end>2026-05-30T23:59:59Z</end>
    </TimeSpan>
    <LineString>
      <altitudeMode>relativeToGround</altitudeMode>
      <coordinates>
        2.5477777777777777,49.00972222222222,50000
        2.0783333333333336,41.29694444444444,0
      </coordinates>
    </LineString>
  </Placemark>
  <Placemark>
    <name>ECLRG</name>
    <description>Origen: LEPA -&gt; LEBL</description>
    <styleUrl>#schengen_line</styleUrl>
    <TimeSpan>
      <begin>2026-05-30T21:09:00Z</begin>
      <end>2026-05-30T23:59:59Z</end>
    </TimeSpan>
    <LineString>
      <altitudeMode>relativeToGround</altitudeMode>
      <coordinates>
        2.738888888888889,39.55166666666666,50000
        2.0783333333333336,41.29694444444444,0
      </coordinates>
    </LineString>
  </Placemark>
  <Placemark>
    <name>DAISG</name>
    <description>Origen: EDDF -&gt; LEBL</description>
    <styleUrl>#schengen_line</styleUrl>
    <TimeSpan>
      <begin>2026-05-30T21:11:00Z</begin>
      <end>2026-05-30T23:59:59Z</end>
    </TimeSpan>
    <LineString>
      <altitudeMode>relativeToGround</altitudeMode>
      <coordinates>
        8.570555555555556,50.03333333333333,50000
        2.0783333333333336,41.29694444444444,0
      </coordinates>
    </LineString>
  </Placemark>
  <Placemark>
    <name>EIEIB</name>
    <description>Origen: LIRF -&gt; LEBL</description>
    <styleUrl>#schengen_line</styleUrl>
    <TimeSpan>
      <begin>2026-05-30T21:13:00Z</begin>
      <end>2026-05-30T23:59:59Z</end>
    </TimeSpan>
    <LineString>
      <altitudeMode>relativeToGround</altitudeMode>
      <coordinates>
        12.238888888888889,41.80027777777777,50000
        2.0783333333333336,41.29694444444444,0
      </coordinates>
    </LineString>
  </Placemark>
  <Placemark>
    <name>EIFJN</name>
    <description>Origen: ENGM -&gt; LEBL</description>
    <styleUrl>#schengen_line</styleUrl>
    <TimeSpan>
      <begin>2026-05-30T21:15:00Z</begin>
      <end>2026-05-30T23:59:59Z</end>
    </TimeSpan>
    <LineString>
      <altitudeMode>relativeToGround</altitudeMode>
      <coordinates>
        11.08388888888889,60.20277777777778,50000
        2.0783333333333336,41.29694444444444,0
      </coordinates>
    </LineString>
  </Placemark>
  <Placemark>
    <name>EIEPG</name>
    <description>Origen: LFOB -&gt; LEBL</description>
    <styleUrl>#schengen_line</styleUrl>
    <TimeSpan>
      <begin>2026-05-30T21:17:00Z</begin>
      <end>2026-05-30T23:59:59Z</end>
    </TimeSpan>
    <LineString>
      <altitudeMode>relativeToGround</altitudeMode>
      <coordinates>
        2.112777777777778,49.45444444444445,50000
        2.0783333333333336,41.29694444444444,0
      </coordinates>
    </LineString>
  </Placemark>
  <Placemark>
    <name>ECMKX</name>
    <description>Origen: EDDL -&gt; LEBL</description>
    <styleUrl>#schengen_line</styleUrl>
    <TimeSpan>
      <begin>2026-05-30T21:19:00Z</begin>
      <end>2026-05-30T23:59:59Z</end>
    </TimeSpan>
    <LineString>
      <altitudeMode>relativeToGround</altitudeMode>
      <coordinates>
        6.7572222222222225,51.280833333333334,50000
        2.0783333333333336,41.29694444444444,0
      </coordinates>
    </LineString>
  </Placemark>
  <Placemark>
    <name>VPBZA</name>
    <description>Origen: UUEE -&gt; LEBL</description>
    <styleUrl>#schengen_line</styleUrl>
    <TimeSpan>
      <begin>2026-05-30T21:21:00Z</begin>
      <end>2026-05-30T23:59:59Z</end>
    </TimeSpan>
    <LineString>
      <altitudeMode>relativeToGround</altitudeMode>
      <coordinates>
        37.41305555555555,55.972500000000004,50000
        2.0783333333333336,41.29694444444444,0
      </coordinates>
    </LineString>
  </Placemark>
  <Placemark>
    <name>EIFJM</name>
    <description>Origen: EKCH -&gt; LEBL</description>
    <styleUrl>#schengen_line</styleUrl>
    <TimeSpan>
      <begin>2026-05-30T21:23:00Z</begin>
      <end>2026-05-30T23:59:59Z</end>
    </TimeSpan>
    <LineString>
      <altitudeMode>relativeToGround</altitudeMode>
      <coordinates>
        12.65611111111111,55.61805555555556,50000
        2.0783333333333336,41.29694444444444,0
      </coordinates>
    </LineString>
  </Placemark>
  <Placemark>
    <name>ECLZN</name>
    <description>Origen: LKPR -&gt; LEBL</description>
    <styleUrl>#schengen_line</styleUrl>
    <TimeSpan>
      <begin>2026-05-30T21:25:00Z</begin>
      <end>2026-05-30T23:59:59Z</end>
    </TimeSpan>
    <LineString>
      <altitudeMode>relativeToGround</altitudeMode>
      <coordinates>
        14.26,50.100833333333334,50000
        2.0783333333333336,41.29694444444444,0
      </coordinates>
    </LineString>
  </Placemark>
  <Placemark>
    <name>ECLQK</name>
    <description>Origen: EIDW -&gt; LEBL</description>
    <styleUrl>#schengen_line</styleUrl>
    <TimeSpan>
      <begin>2026-05-30T21:27:00Z</begin>
      <end>2026-05-30T23:59:59Z</end>
    </TimeSpan>
    <LineString>
      <altitudeMode>relativeToGround</altitudeMode>
      <coordinates>
        -6.27,53.421388888888885,50000
        2.0783333333333336,41.29694444444444,0
      </coordinates>
    </LineString>
  </Placemark>
  <Placemark>
    <name>ECLZS</name>
    <description>Origen: LIEO -&gt; LEBL</description>
    <styleUrl>#schengen_line</styleUrl>
    <TimeSpan>
      <begin>2026-05-30T21:30:00Z</begin>
      <end>2026-05-30T23:59:59Z</end>
    </TimeSpan>
    <LineString>
      <altitudeMode>relativeToGround</altitudeMode>
      <coordinates>
        9.517777777777779,40.89861111111111,50000
        2.0783333333333336,41.29694444444444,0
      </coordinates>
    </LineString>
  </Placemark>
  <Placemark>
    <name>ECHTD</name>
    <description>Origen: LEIB -&gt; LEBL</description>
    <styleUrl>#schengen_line</styleUrl>
    <TimeSpan>
      <begin>2026-05-30T21:33:00Z</begin>
      <end>2026-05-30T23:59:59Z</end>
    </TimeSpan>
    <LineString>
      <altitudeMode>relativeToGround</altitudeMode>
      <coordinates>
        1.3730555555555557,38.87277777777778,50000
        2.0783333333333336,41.29694444444444,0
      </coordinates>
    </LineString>
  </Placemark>
  <Placemark>
    <name>ECLML</name>
    <description>Origen: LEMH -&gt; LEBL</description>
    <styleUrl>#schengen_line</styleUrl>
    <TimeSpan>
      <begin>2026-05-30T21:36:00Z</begin>
      <end>2026-05-30T23:59:59Z</end>
    </TimeSpan>
    <LineString>
      <altitudeMode>relativeToGround</altitudeMode>
      <coordinates>
        4.2186111111111115,39.862500000000004,50000
        2.0783333333333336,41.29694444444444,0
      </coordinates>
    </LineString>
  </Placemark>
  <Placemark>
    <name>ECMGE</name>
    <description>Origen: EGGW -&gt; LEBL</description>
    <styleUrl>#schengen_line</styleUrl>
    <TimeSpan>
      <begin>2026-05-30T21:39:00Z</begin>
      <end>2026-05-30T23:59:59Z</end>
    </TimeSpan>
    <LineString>
      <altitudeMode>relativeToGround</altitudeMode>
      <coordinates>
        -0.3683333333333333,51.874722222222225,50000
        2.0783333333333336,41.29694444444444,0
      </coordinates>
    </LineString>
  </Placemark>
  <Placemark>
    <name>ECMGY</name>
    <description>Origen: LEGR -&gt; LEBL</description>
    <styleUrl>#schengen_line</styleUrl>
    <TimeSpan>
      <begin>2026-05-30T21:41:00Z</begin>
      <end>2026-05-30T23:59:59Z</end>
    </TimeSpan>
    <LineString>
      <altitudeMode>relativeToGround</altitudeMode>
      <coordinates>
        -3.777222222222222,37.18861111111111,50000
        2.0783333333333336,41.29694444444444,0
      </coordinates>
    </LineString>
  </Placemark>
  <Placemark>
    <name>EIDHX</name>
    <description>Origen: LIME -&gt; LEBL</description>
    <styleUrl>#schengen_line</styleUrl>
    <TimeSpan>
      <begin>2026-05-30T21:43:00Z</begin>
      <end>2026-05-30T23:59:59Z</end>
    </TimeSpan>
    <LineString>
      <altitudeMode>relativeToGround</altitudeMode>
      <coordinates>
        9.700277777777776,45.66888888888889,50000
        2.0783333333333336,41.29694444444444,0
      </coordinates>
    </LineString>
  </Placemark>
  <Placemark>
    <name>ECLRM</name>
    <description>Origen: LIPE -&gt; LEBL</description>
    <styleUrl>#schengen_line</styleUrl>
    <TimeSpan>
      <begin>2026-05-30T21:45:00Z</begin>
      <end>2026-05-30T23:59:59Z</end>
    </TimeSpan>
    <LineString>
      <altitudeMode>relativeToGround</altitudeMode>
      <coordinates>
        11.296944444444444,44.530833333333334,50000
        2.0783333333333336,41.29694444444444,0
      </coordinates>
    </LineString>
  </Placemark>
  <Placemark>
    <name>ECHFK</name>
    <description>Origen: LEPA -&gt; LEBL</description>
    <styleUrl>#schengen_line</styleUrl>
    <TimeSpan>
      <begin>2026-05-30T21:51:00Z</begin>
      <end>2026-05-30T23:59:59Z</end>
    </TimeSpan>
    <LineString>
      <altitudeMode>relativeToGround</altitudeMode>
      <coordinates>
        2.738888888888889,39.55166666666666,50000
        2.0783333333333336,41.29694444444444,0
      </coordinates>
    </LineString>
  </Placemark>
  <Placemark>
    <name>EIDAE</name>
    <description>Origen: LEIB -&gt; LEBL</description>
    <styleUrl>#schengen_line</styleUrl>
    <TimeSpan>
      <begin>2026-05-30T21:55:00Z</begin>
      <end>2026-05-30T23:59:59Z</end>
    </TimeSpan>
    <LineString>
      <altitudeMode>relativeToGround</altitudeMode>
      <coordinates>
        1.3730555555555557,38.87277777777778,50000
        2.0783333333333336,41.29694444444444,0
      </coordinates>
    </LineString>
  </Placemark>
  <Placemark>
    <name>CSTTS</name>
    <description>Origen: LPPT -&gt; LEBL</description>
    <styleUrl>#schengen_line</styleUrl>
    <TimeSpan>
      <begin>2026-05-30T21:57:00Z</begin>
      <end>2026-05-30T23:59:59Z</end>
    </TimeSpan>
    <LineString>
      <altitudeMode>relativeToGround</altitudeMode>
      <coordinates>
        -9.134166666666665,38.774166666666666,50000
        2.0783333333333336,41.29694444444444,0
      </coordinates>
    </LineString>
  </Placemark>
  <Placemark>
    <name>EIFIY</name>
    <description>Origen: LIPH -&gt; LEBL</description>
    <styleUrl>#schengen_line</styleUrl>
    <TimeSpan>
      <begin>2026-05-30T21:58:00Z</begin>
      <end>2026-05-30T23:59:59Z</end>
    </TimeSpan>
    <LineString>
      <altitudeMode>relativeToGround</altitudeMode>
      <coordinates>
        12.197777777777778,45.65083333333333,50000
        2.0783333333333336,41.29694444444444,0
      </coordinates>
    </LineString>
  </Placemark>
  <Placemark>
    <name>EIDCJ</name>
    <description>Origen: EDDB -&gt; LEBL</description>
    <styleUrl>#schengen_line</styleUrl>
    <TimeSpan>
      <begin>2026-05-30T22:00:00Z</begin>
      <end>2026-05-30T23:59:59Z</end>
    </TimeSpan>
    <LineString>
      <altitudeMode>relativeToGround</altitudeMode>
      <coordinates>
        13.500555555555556,52.36222222222222,50000
        2.0783333333333336,41.29694444444444,0
      </coordinates>
    </LineString>
  </Placemark>
  <Placemark>
    <name>ECLVO</name>
    <description>Origen: LECO -&gt; LEBL</description>
    <styleUrl>#schengen_line</styleUrl>
    <TimeSpan>
      <begin>2026-05-30T22:02:00Z</begin>
      <end>2026-05-30T23:59:59Z</end>
    </TimeSpan>
    <LineString>
      <altitudeMode>relativeToGround</altitudeMode>
      <coordinates>
        -8.377222222222223,43.301944444444445,50000
        2.0783333333333336,41.29694444444444,0
      </coordinates>
    </LineString>
  </Placemark>
  <Placemark>
    <name>ECLVB</name>
    <description>Origen: LPPT -&gt; LEBL</description>
    <styleUrl>#schengen_line</styleUrl>
    <TimeSpan>
      <begin>2026-05-30T22:04:00Z</begin>
      <end>2026-05-30T23:59:59Z</end>
    </TimeSpan>
    <LineString>
      <altitudeMode>relativeToGround</altitudeMode>
      <coordinates>
        -9.134166666666665,38.774166666666666,50000
        2.0783333333333336,41.29694444444444,0
      </coordinates>
    </LineString>
  </Placemark>
  <Placemark>
    <name>SXABE</name>
    <description>Origen: EBBR -&gt; LEBL</description>
    <styleUrl>#schengen_line</styleUrl>
    <TimeSpan>
      <begin>2026-05-30T22:06:00Z</begin>
      <end>2026-05-30T23:59:59Z</end>
    </TimeSpan>
    <LineString>
      <altitudeMode>relativeToGround</altitudeMode>
      <coordinates>
        4.484444444444445,50.90138888888889,50000
        2.0783333333333336,41.29694444444444,0
      </coordinates>
    </LineString>
  </Placemark>
  <Placemark>
    <name>ECMEQ</name>
    <description>Origen: LFPO -&gt; LEBL</description>
    <styleUrl>#schengen_line</styleUrl>
    <TimeSpan>
      <begin>2026-05-30T22:08:00Z</begin>
      <end>2026-05-30T23:59:59Z</end>
    </TimeSpan>
    <LineString>
      <altitudeMode>relativeToGround</altitudeMode>
      <coordinates>
        2.3794444444444447,48.723333333333336,50000
        2.0783333333333336,41.29694444444444,0
      </coordinates>
    </LineString>
  </Placemark>
  <Placemark>
    <name>EIDWK</name>
    <description>Origen: LIRF -&gt; LEBL</description>
    <styleUrl>#schengen_line</styleUrl>
    <TimeSpan>
      <begin>2026-05-30T22:09:00Z</begin>
      <end>2026-05-30T23:59:59Z</end>
    </TimeSpan>
    <LineString>
      <altitudeMode>relativeToGround</altitudeMode>
      <coordinates>
        12.238888888888889,41.80027777777777,50000
        2.0783333333333336,41.29694444444444,0
      </coordinates>
    </LineString>
  </Placemark>
  <Placemark>
    <name>ECMJR</name>
    <description>Origen: LIMC -&gt; LEBL</description>
    <styleUrl>#schengen_line</styleUrl>
    <TimeSpan>
      <begin>2026-05-30T22:11:00Z</begin>
      <end>2026-05-30T23:59:59Z</end>
    </TimeSpan>
    <LineString>
      <altitudeMode>relativeToGround</altitudeMode>
      <coordinates>
        8.723055555555556,45.63,50000
        2.0783333333333336,41.29694444444444,0
      </coordinates>
    </LineString>
  </Placemark>
  <Placemark>
    <name>ECMFK</name>
    <description>Origen: LEMH -&gt; LEBL</description>
    <styleUrl>#schengen_line</styleUrl>
    <TimeSpan>
      <begin>2026-05-30T22:13:00Z</begin>
      <end>2026-05-30T23:59:59Z</end>
    </TimeSpan>
    <LineString>
      <altitudeMode>relativeToGround</altitudeMode>
      <coordinates>
        4.2186111111111115,39.862500000000004,50000
        2.0783333333333336,41.29694444444444,0
      </coordinates>
    </LineString>
  </Placemark>
  <Placemark>
    <name>ECMLM</name>
    <description>Origen: LEVX -&gt; LEBL</description>
    <styleUrl>#schengen_line</styleUrl>
    <TimeSpan>
      <begin>2026-05-30T22:15:00Z</begin>
      <end>2026-05-30T23:59:59Z</end>
    </TimeSpan>
    <LineString>
      <altitudeMode>relativeToGround</altitudeMode>
      <coordinates>
        -8.627500000000001,42.22916666666667,50000
        2.0783333333333336,41.29694444444444,0
      </coordinates>
    </LineString>
  </Placemark>
  <Placemark>
    <name>VPBRI</name>
    <description>Origen: UUDD -&gt; LEBL</description>
    <styleUrl>#schengen_line</styleUrl>
    <TimeSpan>
      <begin>2026-05-30T22:17:00Z</begin>
      <end>2026-05-30T23:59:59Z</end>
    </TimeSpan>
    <LineString>
      <altitudeMode>relativeToGround</altitudeMode>
      <coordinates>
        37.906388888888884,55.40861111111111,50000
        2.0783333333333336,41.29694444444444,0
      </coordinates>
    </LineString>
  </Placemark>
  <Placemark>
    <name>ECMEA</name>
    <description>Origen: LEZL -&gt; LEBL</description>
    <styleUrl>#schengen_line</styleUrl>
    <TimeSpan>
      <begin>2026-05-30T22:19:00Z</begin>
      <end>2026-05-30T23:59:59Z</end>
    </TimeSpan>
    <LineString>
      <altitudeMode>relativeToGround</altitudeMode>
      <coordinates>
        -5.898888888888888,37.418055555555554,50000
        2.0783333333333336,41.29694444444444,0
      </coordinates>
    </LineString>
  </Placemark>
  <Placemark>
    <name>ECJTR</name>
    <description>Origen: LEPA -&gt; LEBL</description>
    <styleUrl>#schengen_line</styleUrl>
    <TimeSpan>
      <begin>2026-05-30T22:21:00Z</begin>
      <end>2026-05-30T23:59:59Z</end>
    </TimeSpan>
    <LineString>
      <altitudeMode>relativeToGround</altitudeMode>
      <coordinates>
        2.738888888888889,39.55166666666666,50000
        2.0783333333333336,41.29694444444444,0
      </coordinates>
    </LineString>
  </Placemark>
  <Placemark>
    <name>GEZTA</name>
    <description>Origen: LFPG -&gt; LEBL</description>
    <styleUrl>#schengen_line</styleUrl>
    <TimeSpan>
      <begin>2026-05-30T22:22:00Z</begin>
      <end>2026-05-30T23:59:59Z</end>
    </TimeSpan>
    <LineString>
      <altitudeMode>relativeToGround</altitudeMode>
      <coordinates>
        2.5477777777777777,49.00972222222222,50000
        2.0783333333333336,41.29694444444444,0
      </coordinates>
    </LineString>
  </Placemark>
  <Placemark>
    <name>ECLSA</name>
    <description>Origen: LPPR -&gt; LEBL</description>
    <styleUrl>#schengen_line</styleUrl>
    <TimeSpan>
      <begin>2026-05-30T22:24:00Z</begin>
      <end>2026-05-30T23:59:59Z</end>
    </TimeSpan>
    <LineString>
      <altitudeMode>relativeToGround</altitudeMode>
      <coordinates>
        -8.678055555555554,41.23555555555556,50000
        2.0783333333333336,41.29694444444444,0
      </coordinates>
    </LineString>
  </Placemark>
  <Placemark>
    <name>ECMGZ</name>
    <description>Origen: EHAM -&gt; LEBL</description>
    <styleUrl>#schengen_line</styleUrl>
    <TimeSpan>
      <begin>2026-05-30T22:25:00Z</begin>
      <end>2026-05-30T23:59:59Z</end>
    </TimeSpan>
    <LineString>
      <altitudeMode>relativeToGround</altitudeMode>
      <coordinates>
        4.764166666666667,52.308055555555555,50000
        2.0783333333333336,41.29694444444444,0
      </coordinates>
    </LineString>
  </Placemark>
  <Placemark>
    <name>SXDVV</name>
    <description>Origen: LGAV -&gt; LEBL</description>
    <styleUrl>#schengen_line</styleUrl>
    <TimeSpan>
      <begin>2026-05-30T22:26:00Z</begin>
      <end>2026-05-30T23:59:59Z</end>
    </TimeSpan>
    <LineString>
      <altitudeMode>relativeToGround</altitudeMode>
      <coordinates>
        23.944444444444446,37.93666666666666,50000
        2.0783333333333336,41.29694444444444,0
      </coordinates>
    </LineString>
  </Placemark>
  <Placemark>
    <name>ECMKV</name>
    <description>Origen: LIRP -&gt; LEBL</description>
    <styleUrl>#schengen_line</styleUrl>
    <TimeSpan>
      <begin>2026-05-30T22:28:00Z</begin>
      <end>2026-05-30T23:59:59Z</end>
    </TimeSpan>
    <LineString>
      <altitudeMode>relativeToGround</altitudeMode>
      <coordinates>
        10.395555555555555,43.68277777777777,50000
        2.0783333333333336,41.29694444444444,0
      </coordinates>
    </LineString>
  </Placemark>
  <Placemark>
    <name>ECJYX</name>
    <description>Origen: LIPX -&gt; LEBL</description>
    <styleUrl>#schengen_line</styleUrl>
    <TimeSpan>
      <begin>2026-05-30T22:30:00Z</begin>
      <end>2026-05-30T23:59:59Z</end>
    </TimeSpan>
    <LineString>
      <altitudeMode>relativeToGround</altitudeMode>
      <coordinates>
        10.887777777777778,45.396388888888886,50000
        2.0783333333333336,41.29694444444444,0
      </coordinates>
    </LineString>
  </Placemark>
  <Placemark>
    <name>EIDHT</name>
    <description>Origen: EGSS -&gt; LEBL</description>
    <styleUrl>#schengen_line</styleUrl>
    <TimeSpan>
      <begin>2026-05-30T22:31:00Z</begin>
      <end>2026-05-30T23:59:59Z</end>
    </TimeSpan>
    <LineString>
      <altitudeMode>relativeToGround</altitudeMode>
      <coordinates>
        0.23500000000000001,51.885,50000
        2.0783333333333336,41.29694444444444,0
      </coordinates>
    </LineString>
  </Placemark>
  <Placemark>
    <name>OYRUP</name>
    <description>Origen: GCLP -&gt; LEBL</description>
    <styleUrl>#schengen_line</styleUrl>
    <TimeSpan>
      <begin>2026-05-30T22:34:00Z</begin>
      <end>2026-05-30T23:59:59Z</end>
    </TimeSpan>
    <LineString>
      <altitudeMode>relativeToGround</altitudeMode>
      <coordinates>
        -15.386666666666667,27.931944444444447,50000
        2.0783333333333336,41.29694444444444,0
      </coordinates>
    </LineString>
  </Placemark>
  <Placemark>
    <name>GEZWZ</name>
    <description>Origen: EGKK -&gt; LEBL</description>
    <styleUrl>#schengen_line</styleUrl>
    <TimeSpan>
      <begin>2026-05-30T22:37:00Z</begin>
      <end>2026-05-30T23:59:59Z</end>
    </TimeSpan>
    <LineString>
      <altitudeMode>relativeToGround</altitudeMode>
      <coordinates>
        -0.19027777777777777,51.14805555555556,50000
        2.0783333333333336,41.29694444444444,0
      </coordinates>
    </LineString>
  </Placemark>
  <Placemark>
    <name>LYVEV</name>
    <description>Origen: LIPZ -&gt; LEBL</description>
    <styleUrl>#schengen_line</styleUrl>
    <TimeSpan>
      <begin>2026-05-30T22:39:00Z</begin>
      <end>2026-05-30T23:59:59Z</end>
    </TimeSpan>
    <LineString>
      <altitudeMode>relativeToGround</altitudeMode>
      <coordinates>
        12.351944444444444,45.50527777777778,50000
        2.0783333333333336,41.29694444444444,0
      </coordinates>
    </LineString>
  </Placemark>
  <Placemark>
    <name>YLPSH</name>
    <description>Origen: BIKF -&gt; LEBL</description>
    <styleUrl>#schengen_line</styleUrl>
    <TimeSpan>
      <begin>2026-05-30T22:42:00Z</begin>
      <end>2026-05-30T23:59:59Z</end>
    </TimeSpan>
    <LineString>
      <altitudeMode>relativeToGround</altitudeMode>
      <coordinates>
        -22.605555555555558,63.985,50000
        2.0783333333333336,41.29694444444444,0
      </coordinates>
    </LineString>
  </Placemark>
  <Placemark>
    <name>EIDHG</name>
    <description>Origen: EDDK -&gt; LEBL</description>
    <styleUrl>#schengen_line</styleUrl>
    <TimeSpan>
      <begin>2026-05-30T22:43:00Z</begin>
      <end>2026-05-30T23:59:59Z</end>
    </TimeSpan>
    <LineString>
      <altitudeMode>relativeToGround</altitudeMode>
      <coordinates>
        7.142777777777778,50.865833333333335,50000
        2.0783333333333336,41.29694444444444,0
      </coordinates>
    </LineString>
  </Placemark>
  <Placemark>
    <name>ECLZZ</name>
    <description>Origen: EGKK -&gt; LEBL</description>
    <styleUrl>#schengen_line</styleUrl>
    <TimeSpan>
      <begin>2026-05-30T22:47:00Z</begin>
      <end>2026-05-30T23:59:59Z</end>
    </TimeSpan>
    <LineString>
      <altitudeMode>relativeToGround</altitudeMode>
      <coordinates>
        -0.19027777777777777,51.14805555555556,50000
        2.0783333333333336,41.29694444444444,0
      </coordinates>
    </LineString>
  </Placemark>
  <Placemark>
    <name>ECMBK</name>
    <description>Origen: LIEE -&gt; LEBL</description>
    <styleUrl>#schengen_line</styleUrl>
    <TimeSpan>
      <begin>2026-05-30T22:49:00Z</begin>
      <end>2026-05-30T23:59:59Z</end>
    </TimeSpan>
    <LineString>
      <altitudeMode>relativeToGround</altitudeMode>
      <coordinates>
        9.056111111111111,39.24722222222222,50000
        2.0783333333333336,41.29694444444444,0
      </coordinates>
    </LineString>
  </Placemark>
  <Placemark>
    <name>GEZDJ</name>
    <description>Origen: EGGW -&gt; LEBL</description>
    <styleUrl>#schengen_line</styleUrl>
    <TimeSpan>
      <begin>2026-05-30T22:50:00Z</begin>
      <end>2026-05-30T23:59:59Z</end>
    </TimeSpan>
    <LineString>
      <altitudeMode>relativeToGround</altitudeMode>
      <coordinates>
        -0.3683333333333333,51.874722222222225,50000
        2.0783333333333336,41.29694444444444,0
      </coordinates>
    </LineString>
  </Placemark>
  <Placemark>
    <name>ECKHN</name>
    <description>Origen: LEMH -&gt; LEBL</description>
    <styleUrl>#schengen_line</styleUrl>
    <TimeSpan>
      <begin>2026-05-30T22:52:00Z</begin>
      <end>2026-05-30T23:59:59Z</end>
    </TimeSpan>
    <LineString>
      <altitudeMode>relativeToGround</altitudeMode>
      <coordinates>
        4.2186111111111115,39.862500000000004,50000
        2.0783333333333336,41.29694444444444,0
      </coordinates>
    </LineString>
  </Placemark>
  <Placemark>
    <name>ECLZO</name>
    <description>Origen: LEIB -&gt; LEBL</description>
    <styleUrl>#schengen_line</styleUrl>
    <TimeSpan>
      <begin>2026-05-30T22:56:00Z</begin>
      <end>2026-05-30T23:59:59Z</end>
    </TimeSpan>
    <LineString>
      <altitudeMode>relativeToGround</altitudeMode>
      <coordinates>
        1.3730555555555557,38.87277777777778,50000
        2.0783333333333336,41.29694444444444,0
      </coordinates>
    </LineString>
  </Placemark>
  <Placemark>
    <name>ECHQI</name>
    <description>Origen: LFMN -&gt; LEBL</description>
    <styleUrl>#schengen_line</styleUrl>
    <TimeSpan>
      <begin>2026-05-30T23:04:00Z</begin>
      <end>2026-05-30T23:59:59Z</end>
    </TimeSpan>
    <LineString>
      <altitudeMode>relativeToGround</altitudeMode>
      <coordinates>
        7.215,43.665277777777774,50000
        2.0783333333333336,41.29694444444444,0
      </coordinates>
    </LineString>
  </Placemark>
  <Placemark>
    <name>ECMLD</name>
    <description>Origen: EGCC -&gt; LEBL</description>
    <styleUrl>#schengen_line</styleUrl>
    <TimeSpan>
      <begin>2026-05-30T23:09:00Z</begin>
      <end>2026-05-30T23:59:59Z</end>
    </TimeSpan>
    <LineString>
      <altitudeMode>relativeToGround</altitudeMode>
      <coordinates>
        -2.275,53.35388888888889,50000
        2.0783333333333336,41.29694444444444,0
      </coordinates>
    </LineString>
  </Placemark>
  <Placemark>
    <name>ECLTG</name>
    <description>Origen: LFBT -&gt; LEBL</description>
    <styleUrl>#schengen_line</styleUrl>
    <TimeSpan>
      <begin>2026-05-30T23:19:00Z</begin>
      <end>2026-05-30T23:59:59Z</end>
    </TimeSpan>
    <LineString>
      <altitudeMode>relativeToGround</altitudeMode>
      <coordinates>
        -0.002777777777777778,43.18555555555555,50000
        2.0783333333333336,41.29694444444444,0
      </coordinates>
    </LineString>
  </Placemark>
  <Placemark>
    <name>ECHQJ</name>
    <description>Origen: LEIB -&gt; LEBL</description>
    <styleUrl>#schengen_line</styleUrl>
    <TimeSpan>
      <begin>2026-05-30T23:57:00Z</begin>
      <end>2026-05-30T23:59:59Z</end>
    </TimeSpan>
    <LineString>
      <altitudeMode>relativeToGround</altitudeMode>
      <coordinates>
        1.3730555555555557,38.87277777777778,50000
        2.0783333333333336,41.29694444444444,0
      </coordinates>
    </LineString>
  </Placemark>
</Document>
</kml>